step,optimizer,loss
1,sgd,20
1,adam,20
1,falling_ball,20
1,entropy_descent,20
1,hamiltonian_geometric,20
2,sgd,19.9999888909
2,adam,22.780528957
2,falling_ball,19.9999888909
2,entropy_descent,19.8971846362
2,hamiltonian_geometric,19.8972253495
3,sgd,19.999981602
3,adam,21.0419313616
3,falling_ball,19.9999772436
3,entropy_descent,19.7984174374
3,hamiltonian_geometric,19.7078560356
4,sgd,19.9999753665
4,adam,21.8748076502
4,falling_ball,19.9999626434
4,entropy_descent,19.7035386208
4,hamiltonian_geometric,19.4527572807
5,sgd,19.9999698009
5,adam,20.8059883938
5,falling_ball,19.9999483044
5,entropy_descent,19.6123947125
5,hamiltonian_geometric,19.1550890176
6,sgd,19.9999647179
6,adam,20.1550174713
6,falling_ball,19.9999353898
6,entropy_descent,19.5248382982
6,hamiltonian_geometric,18.8381206814
7,sgd,19.9999600026
7,adam,20.618268964
7,falling_ball,19.9999213105
7,entropy_descent,19.4407277844
7,hamiltonian_geometric,18.5233874299
8,sgd,19.9999555756
8,adam,20.9429174842
8,falling_ball,19.9999079376
8,entropy_descent,19.3599271678
8,hamiltonian_geometric,18.2292756905
9,sgd,19.9999513788
9,adam,20.6836107349
9,falling_ball,19.9998941401
9,entropy_descent,19.2823058154
9,hamiltonian_geometric,17.9700786633
10,sgd,19.9999473678
10,adam,20.410625117
10,falling_ball,19.9998782315
10,entropy_descent,19.2077382518
10,hamiltonian_geometric,17.7555195852
11,sgd,19.999943508
11,adam,20.3938206975
11,falling_ball,19.9998616357
11,entropy_descent,19.1361039556
11,hamiltonian_geometric,17.5907047749
12,sgd,19.9999397722
12,adam,20.4288169128
12,falling_ball,19.9998441659
12,entropy_descent,19.0672871641
12,hamiltonian_geometric,17.4764413681
13,sgd,19.9999361388
13,adam,20.377997924
13,falling_ball,19.9998258191
13,entropy_descent,19.0011766851
13,hamiltonian_geometric,17.4098369109
14,sgd,19.9999325905
14,adam,20.2674277656
14,falling_ball,19.9998081448
14,entropy_descent,18.9376657165
14,hamiltonian_geometric,17.3850894857
15,sgd,19.9999291135
15,adam,20.2072646915
15,falling_ball,19.999790693
15,entropy_descent,18.876651673
15,hamiltonian_geometric,17.3943769549
16,sgd,19.9999256966
16,adam,20.1761315937
16,falling_ball,19.9997731053
16,entropy_descent,18.8180360194
16,hamiltonian_geometric,17.4287608935
17,sgd,19.9999223307
17,adam,20.1755694578
17,falling_ball,19.9997556597
17,entropy_descent,18.7617241109
17,hamiltonian_geometric,17.4790331632
18,sgd,19.9999190084
18,adam,20.2118915783
18,falling_ball,19.9997377879
18,entropy_descent,18.7076250395
18,hamiltonian_geometric,17.5364490343
19,sgd,19.9999157239
19,adam,20.2426272948
19,falling_ball,19.999719852
19,entropy_descent,18.6556514859
19,hamiltonian_geometric,17.5933084923
20,sgd,19.9999124721
20,adam,20.2076704558
20,falling_ball,19.9997019763
20,entropy_descent,18.6057195786
20,hamiltonian_geometric,17.6433652078
21,sgd,19.9999092489
21,adam,20.1185073392
21,falling_ball,19.9996838026
21,entropy_descent,18.5577487571
21,hamiltonian_geometric,17.6820592211
22,sgd,19.9999060511
22,adam,20.0742632449
22,falling_ball,19.9996657396
22,entropy_descent,18.5116616417
22,hamiltonian_geometric,17.7065836084
23,sgd,19.9999028757
23,adam,20.1095074009
23,falling_ball,19.9996478749
23,entropy_descent,18.4673839072
23,hamiltonian_geometric,17.7158065461
24,sgd,19.9998997205
24,adam,20.1454290305
24,falling_ball,19.9996301195
24,entropy_descent,18.424844163
24,hamiltonian_geometric,17.7100779007
25,sgd,19.9998965835
25,adam,20.1107722917
25,falling_ball,19.9996125781
25,entropy_descent,18.3839738369
25,hamiltonian_geometric,17.6909536994
26,sgd,19.999893463
26,adam,20.0431977366
26,falling_ball,19.9995951097
26,entropy_descent,18.3447070637
26,hamiltonian_geometric,17.6608728195
27,sgd,19.9998903576
27,adam,20.028256841
27,falling_ball,19.9995776602
27,entropy_descent,18.3069805785
27,hamiltonian_geometric,17.6228184084
28,sgd,19.999887266
28,adam,20.0665446902
28,falling_ball,19.9995602985
28,entropy_descent,18.270733614
28,hamiltonian_geometric,17.5799925116
29,sgd,19.9998841872
29,adam,20.0916446688
29,falling_ball,19.9995429732
29,entropy_descent,18.2359078017
29,hamiltonian_geometric,17.5355267996
30,sgd,19.9998811203
30,adam,20.0675242967
30,falling_ball,19.9995257143
30,entropy_descent,18.2024470774
30,hamiltonian_geometric,17.4922458356
31,sgd,19.9998780645
31,adam,20.0305276288
31,falling_ball,19.9995085798
31,entropy_descent,18.1702975902
31,hamiltonian_geometric,17.4524926362
32,sgd,19.9998750191
32,adam,20.0245645222
32,falling_ball,19.999491514
32,entropy_descent,18.1394076149
32,hamiltonian_geometric,17.4180199193
33,sgd,19.9998719836
33,adam,20.0417221907
33,falling_ball,19.9994745397
33,entropy_descent,18.1097274683
33,hamiltonian_geometric,17.3899448241
34,sgd,19.9998689573
34,adam,20.0479698742
34,falling_ball,19.9994576781
34,entropy_descent,18.0812094285
34,hamiltonian_geometric,17.368760359
35,sgd,19.9998659398
35,adam,20.0291395989
35,falling_ball,19.999440882
35,entropy_descent,18.0538076572
35,hamiltonian_geometric,17.3543935413
36,sgd,19.9998629306
36,adam,20.0076937511
36,falling_ball,19.9994241591
36,entropy_descent,18.0274781259
36,hamiltonian_geometric,17.3462982128
37,sgd,19.9998599295
37,adam,20.0058203071
37,falling_ball,19.9994074952
37,entropy_descent,18.0021785439
37,hamiltonian_geometric,17.3435697703
38,sgd,19.999856936
38,adam,20.0183988812
38,falling_ball,19.9993908838
38,entropy_descent,17.9778682897
38,hamiltonian_geometric,17.345069415
39,sgd,19.9998539499
39,adam,20.0245864242
39,falling_ball,19.9993743534
39,entropy_descent,17.9545083456
39,hamiltonian_geometric,17.3495467823
40,sgd,19.9998509708
40,adam,20.0172717802
40,falling_ball,19.9993578932
40,entropy_descent,17.932061234
40,hamiltonian_geometric,17.3557517307
41,sgd,19.9998479985
41,adam,20.0084533495
41,falling_ball,19.9993415003
41,entropy_descent,17.9104909563
41,hamiltonian_geometric,17.3625283861
42,sgd,19.9998450328
42,adam,20.0059893556
42,falling_ball,19.9993251816
42,entropy_descent,17.8897629353
42,hamiltonian_geometric,17.3688870187
43,sgd,19.9998420735
43,adam,20.007196526
43,falling_ball,19.9993089256
43,entropy_descent,17.8698439583
43,hamiltonian_geometric,17.3740517488
44,sgd,19.9998391204
44,adam,20.0063235362
44,falling_ball,19.9992927291
44,entropy_descent,17.8507021236
44,hamiltonian_geometric,17.3774842676
45,sgd,19.9998361733
45,adam,20.0027139225
45,falling_ball,19.9992765901
45,entropy_descent,17.8323067887
45,hamiltonian_geometric,17.3788855786
46,sgd,19.999833232
46,adam,19.9977521405
46,falling_ball,19.9992605006
46,entropy_descent,17.8146285207
46,hamiltonian_geometric,17.3781791405
47,sgd,19.9998302964
47,adam,19.9964148778
47,falling_ball,19.9992444609
47,entropy_descent,17.7976390482
47,hamiltonian_geometric,17.3754796861
48,sgd,19.9998273664
48,adam,20.0008205811
48,falling_ball,19.9992284712
48,entropy_descent,17.7813112157
48,hamiltonian_geometric,17.3710524089
49,sgd,19.9998244418
49,adam,20.0039953627
49,falling_ball,19.9992125289
49,entropy_descent,17.7656189396
49,hamiltonian_geometric,17.3652672021
50,sgd,19.9998215225
50,adam,19.9990101905
50,falling_ball,19.9991966364
50,entropy_descent,17.7505371656
50,hamiltonian_geometric,17.3585522641
51,sgd,19.9998186084
51,adam,19.9925307529
51,falling_ball,19.9991807915
51,entropy_descent,17.7360418283
51,hamiltonian_geometric,17.3513507417
52,sgd,19.9998156994
52,adam,19.9935795165
52,falling_ball,19.99916499
52,entropy_descent,17.7221098121
52,hamiltonian_geometric,17.3440832594
53,sgd,19.9998127954
53,adam,19.9970103007
53,falling_ball,19.999149232
53,entropy_descent,17.7087189137
53,hamiltonian_geometric,17.3371182724
54,sgd,19.9998098963
54,adam,19.9944336249
54,falling_ball,19.999133515
54,entropy_descent,17.695847806
54,hamiltonian_geometric,17.330751269
55,sgd,19.999807002
55,adam,19.9901140707
55,falling_ball,19.9991178369
55,entropy_descent,17.6834760035
55,hamiltonian_geometric,17.3251929972
56,sgd,19.9998041125
56,adam,19.9910603685
56,falling_ball,19.9991021972
56,entropy_descent,17.6715838295
56,hamiltonian_geometric,17.3205661729
57,sgd,19.9998012276
57,adam,19.9936776796
57,falling_ball,19.9990865938
57,entropy_descent,17.6601523834
57,hamiltonian_geometric,17.3169095547
58,sgd,19.9997983473
58,adam,19.9927438592
58,falling_ball,19.9990710261
58,entropy_descent,17.6491635106
58,hamiltonian_geometric,17.3141878857
59,sgd,19.9997954716
59,adam,19.9904080206
59,falling_ball,19.9990554937
59,entropy_descent,17.6385997731
59,hamiltonian_geometric,17.3123059898
60,sgd,19.9997926003
60,adam,19.989748624
60,falling_ball,19.9990399949
60,entropy_descent,17.6284444208
60,hamiltonian_geometric,17.3111252648
61,sgd,19.9997897334
61,adam,19.9897857903
61,falling_ball,19.9990245287
61,entropy_descent,17.6186813646
61,hamiltonian_geometric,17.3104809118
62,sgd,19.9997868708
62,adam,19.9894704401
62,falling_ball,19.9990090941
62,entropy_descent,17.6092951505
62,hamiltonian_geometric,17.310198453
63,sgd,19.9997840126
63,adam,19.9889087726
63,falling_ball,19.9989936897
63,entropy_descent,17.6002709341
63,hamiltonian_geometric,17.3101083741
64,sgd,19.9997811585
64,adam,19.9881026276
64,falling_ball,19.9989783147
64,entropy_descent,17.5915944567
64,hamiltonian_geometric,17.3100580611
65,sgd,19.9997783087
65,adam,19.9877574374
65,falling_ball,19.9989629683
65,entropy_descent,17.5832520224
65,hamiltonian_geometric,17.3099205442
66,sgd,19.999775463
66,adam,19.9882724846
66,falling_ball,19.9989476496
66,entropy_descent,17.5752304756
66,hamiltonian_geometric,17.3095998841
67,sgd,19.9997726213
67,adam,19.9883087999
67,falling_ball,19.998932358
67,entropy_descent,17.5675171797
67,hamiltonian_geometric,17.3090333225
68,sgd,19.9997697838
68,adam,19.9871389568
68,falling_ball,19.9989170926
68,entropy_descent,17.5600999969
68,hamiltonian_geometric,17.3081905494
69,sgd,19.9997669502
69,adam,19.9862564297
69,falling_ball,19.9989018526
69,entropy_descent,17.5529672679
69,hamiltonian_geometric,17.3070706054
70,sgd,19.9997641205
70,adam,19.9863781069
70,falling_ball,19.9988866377
70,entropy_descent,17.5461077939
70,hamiltonian_geometric,17.3056970345
71,sgd,19.9997612948
71,adam,19.9864136429
71,falling_ball,19.9988714468
71,entropy_descent,17.5395108176
71,hamiltonian_geometric,17.3041119425
72,sgd,19.999758473
72,adam,19.9857524766
72,falling_ball,19.9988562794
72,entropy_descent,17.533166006
72,hamiltonian_geometric,17.3023695926
73,sgd,19.999755655
73,adam,19.9853112529
73,falling_ball,19.9988411348
73,entropy_descent,17.5270634342
73,hamiltonian_geometric,17.3005301062
74,sgd,19.9997528408
74,adam,19.9855036905
74,falling_ball,19.9988260126
74,entropy_descent,17.5211935683
74,hamiltonian_geometric,17.2986537353
75,sgd,19.9997500303
75,adam,19.9855057034
75,falling_ball,19.998810912
75,entropy_descent,17.5155472508
75,hamiltonian_geometric,17.2967960573
76,sgd,19.9997472236
76,adam,19.9848053115
76,falling_ball,19.9987958327
76,entropy_descent,17.5101156855
76,hamiltonian_geometric,17.2950043115
77,sgd,19.9997444206
77,adam,19.9842044016
77,falling_ball,19.9987807741
77,entropy_descent,17.504890423
77,hamiltonian_geometric,17.2933149781
78,sgd,19.9997416213
78,adam,19.9841980694
78,falling_ball,19.9987657358
78,entropy_descent,17.4998633472
78,hamiltonian_geometric,17.2917525838
79,sgd,19.9997388256
79,adam,19.9841303892
79,falling_ball,19.9987507172
79,entropy_descent,17.4950266623
79,hamiltonian_geometric,17.2903296304
80,sgd,19.9997360335
80,adam,19.9837316743
80,falling_ball,19.9987357179
80,entropy_descent,17.4903728799
80,hamiltonian_geometric,17.2890474689
81,sgd,19.999733245
81,adam,19.9834612562
81,falling_ball,19.9987207375
81,entropy_descent,17.4858948068
81,hamiltonian_geometric,17.2878979016
82,sgd,19.99973046
82,adam,19.9833503259
82,falling_ball,19.9987057755
82,entropy_descent,17.4815855339
82,hamiltonian_geometric,17.2868652685
83,sgd,19.9997276786
83,adam,19.9830956401
83,falling_ball,19.9986908317
83,entropy_descent,17.4774384242
83,hamiltonian_geometric,17.2859287812
84,sgd,19.9997249006
84,adam,19.9827758553
84,falling_ball,19.9986759056
84,entropy_descent,17.4734471026
84,hamiltonian_geometric,17.2850648825
85,sgd,19.9997221261
85,adam,19.9824749147
85,falling_ball,19.9986609968
85,entropy_descent,17.4696054456
85,hamiltonian_geometric,17.2842494455
86,sgd,19.999719355
86,adam,19.9822218708
86,falling_ball,19.9986461051
86,entropy_descent,17.4659075708
86,hamiltonian_geometric,17.2834596685
87,sgd,19.9997165873
87,adam,19.9820856589
87,falling_ball,19.9986312301
87,entropy_descent,17.4623478281
87,hamiltonian_geometric,17.2826755672
88,sgd,19.9997138229
88,adam,19.9818734177
88,falling_ball,19.9986163714
88,entropy_descent,17.4589207901
88,hamiltonian_geometric,17.2818810141
89,sgd,19.999711062
89,adam,19.981520579
89,falling_ball,19.9986015289
89,entropy_descent,17.4556212433
89,hamiltonian_geometric,17.281064317
90,sgd,19.9997083043
90,adam,19.9812964524
90,falling_ball,19.9985867022
90,entropy_descent,17.45244418
90,hamiltonian_geometric,17.2802183655
91,sgd,19.99970555
91,adam,19.9811637158
91,falling_ball,19.9985718909
91,entropy_descent,17.4493847898
91,hamiltonian_geometric,17.2793404036
92,sgd,19.9997027989
92,adam,19.9808692419
92,falling_ball,19.998557095
92,entropy_descent,17.446438452
92,hamiltonian_geometric,17.2784315063
93,sgd,19.9997000511
93,adam,19.9805546374
93,falling_ball,19.998542314
93,entropy_descent,17.4436007279
93,hamiltonian_geometric,17.2774958463
94,sgd,19.9996973065
94,adam,19.9803761715
94,falling_ball,19.9985275478
94,entropy_descent,17.4408673542
94,hamiltonian_geometric,17.2765398423
95,sgd,19.9996945651
95,adam,19.9801672632
95,falling_ball,19.9985127961
95,entropy_descent,17.4382342353
95,hamiltonian_geometric,17.2755712732
96,sgd,19.9996918269
96,adam,19.9798825114
96,falling_ball,19.9984980587
96,entropy_descent,17.4356974371
96,hamiltonian_geometric,17.274598431
97,sgd,19.9996890918
97,adam,19.9796396757
97,falling_ball,19.9984833354
97,entropy_descent,17.4332531809
97,hamiltonian_geometric,17.2736293724
98,sgd,19.9996863599
98,adam,19.9794356574
98,falling_ball,19.998468626
98,entropy_descent,17.4308978365
98,hamiltonian_geometric,17.27267131
99,sgd,19.999683631
99,adam,19.9792028582
99,falling_ball,19.9984539302
99,entropy_descent,17.428627917
99,hamiltonian_geometric,17.2717301685
100,sgd,19.9996809053
100,adam,19.9789353293
100,falling_ball,19.9984392479
100,entropy_descent,17.4264400731
100,hamiltonian_geometric,17.2708103118
101,sgd,19.9996781826
101,adam,19.9786774831
101,falling_ball,19.9984245789
101,entropy_descent,17.4243310871
101,hamiltonian_geometric,17.269914437
102,sgd,19.999675463
102,adam,19.9784483182
102,falling_ball,19.9984099231
102,entropy_descent,17.4222978686
102,hamiltonian_geometric,17.269043614
103,sgd,19.9996727464
103,adam,19.9782167547
103,falling_ball,19.9983952801
103,entropy_descent,17.4203374485
103,hamiltonian_geometric,17.2681974463
104,sgd,19.9996700327
104,adam,19.9779678606
104,falling_ball,19.99838065
104,entropy_descent,17.4184469751
104,hamiltonian_geometric,17.2673743193
105,sgd,19.9996673221
105,adam,19.977721348
105,falling_ball,19.9983660324
105,entropy_descent,17.4166237087
105,hamiltonian_geometric,17.2665717041
106,sgd,19.9996646144
106,adam,19.9774855977
106,falling_ball,19.9983514273
106,entropy_descent,17.414865018
106,hamiltonian_geometric,17.2657864842
107,sgd,19.9996619097
107,adam,19.9772403224
107,falling_ball,19.9983368346
107,entropy_descent,17.413168375
107,hamiltonian_geometric,17.2650152752
108,sgd,19.9996592078
108,adam,19.9769755912
108,falling_ball,19.998322254
108,entropy_descent,17.4115313513
108,hamiltonian_geometric,17.2642547152
109,sgd,19.9996565089
109,adam,19.9767247206
109,falling_ball,19.9983076854
109,entropy_descent,17.4099516145
109,hamiltonian_geometric,17.2635017072
110,sgd,19.9996538128
110,adam,19.9764961332
110,falling_ball,19.9982931287
110,entropy_descent,17.4084269237
110,hamiltonian_geometric,17.2627536033
111,sgd,19.9996511196
111,adam,19.9762475329
111,falling_ball,19.9982785838
111,entropy_descent,17.4069551266
111,hamiltonian_geometric,17.2620083244
112,sgd,19.9996484293
112,adam,19.9759852609
112,falling_ball,19.9982640505
112,entropy_descent,17.4055341553
112,hamiltonian_geometric,17.2612644187
113,sgd,19.9996457417
113,adam,19.9757414944
113,falling_ball,19.9982495287
113,entropy_descent,17.4041620237
113,hamiltonian_geometric,17.2605210616
114,sgd,19.999643057
114,adam,19.975492847
114,falling_ball,19.9982350183
114,entropy_descent,17.4028368238
114,hamiltonian_geometric,17.2597780089
115,sgd,19.999640375
115,adam,19.9752299197
115,falling_ball,19.9982205192
115,entropy_descent,17.4015567226
115,hamiltonian_geometric,17.2590355123
116,sgd,19.9996376958
116,adam,19.9749771541
116,falling_ball,19.9982060313
116,entropy_descent,17.4003199594
116,hamiltonian_geometric,17.2582942116
117,sgd,19.9996350193
117,adam,19.9747286809
117,falling_ball,19.9981915544
117,entropy_descent,17.3991248428
117,hamiltonian_geometric,17.2575550137
118,sgd,19.9996323455
118,adam,19.9744732005
118,falling_ball,19.9981770885
118,entropy_descent,17.3979697482
118,hamiltonian_geometric,17.2568189716
119,sgd,19.9996296745
119,adam,19.974215043
119,falling_ball,19.9981626334
119,entropy_descent,17.3968531145
119,hamiltonian_geometric,17.2560871714
120,sgd,19.9996270061
120,adam,19.9739560724
120,falling_ball,19.9981481891
120,entropy_descent,17.3957734424
120,hamiltonian_geometric,17.2553606357
121,sgd,19.9996243404
121,adam,19.9736994696
121,falling_ball,19.9981337555
121,entropy_descent,17.3947292916
121,hamiltonian_geometric,17.2546402473
122,sgd,19.9996216774
122,adam,19.9734410853
122,falling_ball,19.9981193325
122,entropy_descent,17.3937192784
122,hamiltonian_geometric,17.2539266964
123,sgd,19.999619017
123,adam,19.9731774381
123,falling_ball,19.9981049199
123,entropy_descent,17.3927420736
123,hamiltonian_geometric,17.2532204516
124,sgd,19.9996163592
124,adam,19.9729175701
124,falling_ball,19.9980905177
124,entropy_descent,17.3917964002
124,hamiltonian_geometric,17.2525217522
125,sgd,19.9996137039
125,adam,19.9726590022
125,falling_ball,19.9980761258
125,entropy_descent,17.3908810315
125,hamiltonian_geometric,17.2518306208
126,sgd,19.9996110513
126,adam,19.9723939235
126,falling_ball,19.9980617442
126,entropy_descent,17.3899947892
126,hamiltonian_geometric,17.2511468898
127,sgd,19.9996084013
127,adam,19.9721286602
127,falling_ball,19.9980473727
127,entropy_descent,17.3891365413
127,hamiltonian_geometric,17.250470239
128,sgd,19.9996057538
128,adam,19.9718660319
128,falling_ball,19.9980330113
128,entropy_descent,17.3883052001
128,hamiltonian_geometric,17.249800239
129,sgd,19.9996031088
129,adam,19.9716000994
129,falling_ball,19.9980186598
129,entropy_descent,17.387499721
129,hamiltonian_geometric,17.2491363962
130,sgd,19.9996004663
130,adam,19.9713315432
130,falling_ball,19.9980043183
130,entropy_descent,17.3867191003
130,hamiltonian_geometric,17.248478196
131,sgd,19.9995978263
131,adam,19.9710648648
131,falling_ball,19.9979899866
131,entropy_descent,17.3859623739
131,hamiltonian_geometric,17.2478251404
132,sgd,19.9995951888
132,adam,19.9707978608
132,falling_ball,19.9979756647
132,entropy_descent,17.3852286154
132,hamiltonian_geometric,17.2471767788
133,sgd,19.9995925538
133,adam,19.9705276115
133,falling_ball,19.9979613525
133,entropy_descent,17.384516935
133,hamiltonian_geometric,17.2465327301
134,sgd,19.9995899212
134,adam,19.9702567932
134,falling_ball,19.9979470499
134,entropy_descent,17.3838264779
134,hamiltonian_geometric,17.2458926961
135,sgd,19.9995872911
135,adam,19.9699861322
135,falling_ball,19.9979327569
135,entropy_descent,17.3831564227
135,hamiltonian_geometric,17.2452564666
136,sgd,19.9995846633
136,adam,19.969713862
136,falling_ball,19.9979184734
136,entropy_descent,17.3825059805
136,hamiltonian_geometric,17.244623917
137,sgd,19.999582038
137,adam,19.9694404543
137,falling_ball,19.9979041994
137,entropy_descent,17.3818743934
137,hamiltonian_geometric,17.2439949995
138,sgd,19.999579415
138,adam,19.9691665431
138,falling_ball,19.9978899347
138,entropy_descent,17.381260933
138,hamiltonian_geometric,17.2433697304
139,sgd,19.9995767944
139,adam,19.9688922729
139,falling_ball,19.9978756793
139,entropy_descent,17.3806648999
139,hamiltonian_geometric,17.2427481742
140,sgd,19.9995741762
140,adam,19.9686165961
140,falling_ball,19.9978614332
140,entropy_descent,17.3800856219
140,hamiltonian_geometric,17.2421304268
141,sgd,19.9995715603
141,adam,19.9683392059
141,falling_ball,19.9978471963
141,entropy_descent,17.3795224533
141,hamiltonian_geometric,17.2415165991
142,sgd,19.9995689468
142,adam,19.968061989
142,falling_ball,19.9978329686
142,entropy_descent,17.3789747737
142,hamiltonian_geometric,17.2409068021
143,sgd,19.9995663355
143,adam,19.9677839255
143,falling_ball,19.9978187499
143,entropy_descent,17.3784419872
143,hamiltonian_geometric,17.2403011345
144,sgd,19.9995637265
144,adam,19.9675039953
144,falling_ball,19.9978045403
144,entropy_descent,17.3779235212
144,hamiltonian_geometric,17.2396996734
145,sgd,19.9995611199
145,adam,19.9672239845
145,falling_ball,19.9977903396
145,entropy_descent,17.3774188255
145,hamiltonian_geometric,17.2391024681
146,sgd,19.9995585154
146,adam,19.9669433052
146,falling_ball,19.9977761479
146,entropy_descent,17.3769273717
146,hamiltonian_geometric,17.2385095372
147,sgd,19.9995559133
147,adam,19.9666610375
147,falling_ball,19.997761965
147,entropy_descent,17.376448652
147,hamiltonian_geometric,17.2379208687
148,sgd,19.9995533133
148,adam,19.9663781185
148,falling_ball,19.997747791
148,entropy_descent,17.3759821784
148,hamiltonian_geometric,17.2373364223
149,sgd,19.9995507156
149,adam,19.966094553
149,falling_ball,19.9977336257
149,entropy_descent,17.3755274823
149,hamiltonian_geometric,17.2367561338
150,sgd,19.9995481201
150,adam,19.9658099521
150,falling_ball,19.9977194692
150,entropy_descent,17.3750841133
150,hamiltonian_geometric,17.2361799206
151,sgd,19.9995455268
151,adam,19.9655243988
151,falling_ball,19.9977053214
151,entropy_descent,17.3746516388
151,hamiltonian_geometric,17.2356076879
152,sgd,19.9995429357
152,adam,19.9652381401
152,falling_ball,19.9976911821
152,entropy_descent,17.3742296431
152,hamiltonian_geometric,17.2350393345
153,sgd,19.9995403467
153,adam,19.9649511447
153,falling_ball,19.9976770515
153,entropy_descent,17.3738177266
153,hamiltonian_geometric,17.234474759
154,sgd,19.9995377599
154,adam,19.9646630602
154,falling_ball,19.9976629294
154,entropy_descent,17.3734155058
154,hamiltonian_geometric,17.2339138643
155,sgd,19.9995351753
155,adam,19.9643740755
155,falling_ball,19.9976488158
155,entropy_descent,17.3730226117
155,hamiltonian_geometric,17.2333565617
156,sgd,19.9995325927
156,adam,19.9640844426
156,falling_ball,19.9976347106
156,entropy_descent,17.3726386903
156,hamiltonian_geometric,17.232802773
157,sgd,19.9995300123
157,adam,19.9637939007
157,falling_ball,19.9976206138
157,entropy_descent,17.372263401
157,hamiltonian_geometric,17.2322524327
158,sgd,19.999527434
158,adam,19.9635024127
158,falling_ball,19.9976065254
158,entropy_descent,17.3718964168
158,hamiltonian_geometric,17.2317054875
159,sgd,19.9995248577
159,adam,19.9632102548
159,falling_ball,19.9975924453
159,entropy_descent,17.3715374234
159,hamiltonian_geometric,17.2311618963
160,sgd,19.9995222835
160,adam,19.962917254
160,falling_ball,19.9975783735
160,entropy_descent,17.3711861188
160,hamiltonian_geometric,17.2306216281
161,sgd,19.9995197114
161,adam,19.9626232242
161,falling_ball,19.99756431
161,entropy_descent,17.370842213
161,hamiltonian_geometric,17.2300846607
162,sgd,19.9995171414
162,adam,19.9623284819
162,falling_ball,19.9975502546
162,entropy_descent,17.3705054271
162,hamiltonian_geometric,17.2295509779
163,sgd,19.9995145733
163,adam,19.9620329867
163,falling_ball,19.9975362074
163,entropy_descent,17.3701754932
163,hamiltonian_geometric,17.2290205675
164,sgd,19.9995120073
164,adam,19.9617365652
164,falling_ball,19.9975221682
164,entropy_descent,17.369852154
164,hamiltonian_geometric,17.2284934189
165,sgd,19.9995094433
165,adam,19.9614393698
165,falling_ball,19.9975081372
165,entropy_descent,17.3695351619
165,hamiltonian_geometric,17.2279695214
166,sgd,19.9995068813
166,adam,19.9611413747
166,falling_ball,19.9974941142
166,entropy_descent,17.3692242795
166,hamiltonian_geometric,17.2274488623
167,sgd,19.9995043213
167,adam,19.9608425316
167,falling_ball,19.9974800992
167,entropy_descent,17.3689192782
167,hamiltonian_geometric,17.226931426
168,sgd,19.9995017633
168,adam,19.9605428639
168,falling_ball,19.9974660922
168,entropy_descent,17.3686199386
168,hamiltonian_geometric,17.2264171932
169,sgd,19.9994992072
169,adam,19.9602424121
169,falling_ball,19.9974520931
169,entropy_descent,17.3683260498
169,hamiltonian_geometric,17.2259061407
170,sgd,19.9994966531
170,adam,19.9599411932
170,falling_ball,19.9974381018
170,entropy_descent,17.3680374091
170,hamiltonian_geometric,17.2253982415
171,sgd,19.9994941009
171,adam,19.9596391173
171,falling_ball,19.9974241184
171,entropy_descent,17.3677538218
171,hamiltonian_geometric,17.2248934652
172,sgd,19.9994915506
172,adam,19.9593362545
172,falling_ball,19.9974101429
172,entropy_descent,17.3674751007
172,hamiltonian_geometric,17.2243917788
173,sgd,19.9994890023
173,adam,19.959032635
173,falling_ball,19.9973961751
173,entropy_descent,17.3672010659
173,hamiltonian_geometric,17.2238931471
174,sgd,19.9994864558
174,adam,19.9587281753
174,falling_ball,19.9973822151
174,entropy_descent,17.3669315445
174,hamiltonian_geometric,17.2233975341
175,sgd,19.9994839112
175,adam,19.9584229361
175,falling_ball,19.9973682627
175,entropy_descent,17.3666663706
175,hamiltonian_geometric,17.2229049035
176,sgd,19.9994813686
176,adam,19.9581169383
176,falling_ball,19.9973543181
176,entropy_descent,17.3664053843
176,hamiltonian_geometric,17.2224152194
177,sgd,19.9994788277
177,adam,19.9578101336
177,falling_ball,19.9973403811
177,entropy_descent,17.3661484324
177,hamiltonian_geometric,17.2219284471
178,sgd,19.9994762888
178,adam,19.9575025457
178,falling_ball,19.9973264517
178,entropy_descent,17.3658953673
178,hamiltonian_geometric,17.2214445535
179,sgd,19.9994737517
179,adam,19.9571941983
179,falling_ball,19.9973125298
179,entropy_descent,17.3656460473
179,hamiltonian_geometric,17.2209635072
180,sgd,19.9994712164
180,adam,19.9568850674
180,falling_ball,19.9972986155
180,entropy_descent,17.3654003363
180,hamiltonian_geometric,17.2204852789
181,sgd,19.9994686829
181,adam,19.9565751541
181,falling_ball,19.9972847088
181,entropy_descent,17.3651581032
181,hamiltonian_geometric,17.2200098414
182,sgd,19.9994661513
182,adam,19.9562644814
182,falling_ball,19.9972708095
182,entropy_descent,17.3649192224
182,hamiltonian_geometric,17.2195371691
183,sgd,19.9994636214
183,adam,19.9559530454
183,falling_ball,19.9972569176
183,entropy_descent,17.3646835729
183,hamiltonian_geometric,17.2190672382
184,sgd,19.9994610934
184,adam,19.9556408404
184,falling_ball,19.9972430332
184,entropy_descent,17.3644510384
184,hamiltonian_geometric,17.2186000262
185,sgd,19.9994585671
185,adam,19.9553278739
185,falling_ball,19.9972291561
185,entropy_descent,17.3642215073
185,hamiltonian_geometric,17.2181355116
186,sgd,19.9994560426
186,adam,19.955014156
186,falling_ball,19.9972152864
186,entropy_descent,17.3639948721
186,hamiltonian_geometric,17.2176736734
187,sgd,19.9994535199
187,adam,19.9546996743
187,falling_ball,19.997201424
187,entropy_descent,17.3637710296
187,hamiltonian_geometric,17.2172144911
188,sgd,19.9994509989
188,adam,19.9543844371
188,falling_ball,19.9971875689
188,entropy_descent,17.3635498806
188,hamiltonian_geometric,17.2167579445
189,sgd,19.9994484796
189,adam,19.9540684619
189,falling_ball,19.9971737211
189,entropy_descent,17.3633313298
189,hamiltonian_geometric,17.2163040131
190,sgd,19.9994459621
190,adam,19.9537517315
190,falling_ball,19.9971598805
190,entropy_descent,17.3631152854
190,hamiltonian_geometric,17.2158526761
191,sgd,19.9994434463
191,adam,19.9534342547
191,falling_ball,19.9971460471
191,entropy_descent,17.3629016593
191,hamiltonian_geometric,17.2154039126
192,sgd,19.9994409321
192,adam,19.9531160407
192,falling_ball,19.9971322208
192,entropy_descent,17.3626903668
192,hamiltonian_geometric,17.2149577014
193,sgd,19.9994384197
193,adam,19.9527970818
193,falling_ball,19.9971184017
193,entropy_descent,17.3624813265
193,hamiltonian_geometric,17.2145140209
194,sgd,19.999435909
194,adam,19.9524773864
194,falling_ball,19.9971045898
194,entropy_descent,17.36227446
194,hamiltonian_geometric,17.2140728492
195,sgd,19.9994334
195,adam,19.9521569584
195,falling_ball,19.9970907849
195,entropy_descent,17.362069692
195,hamiltonian_geometric,17.2136341646
196,sgd,19.9994308926
196,adam,19.9518357984
196,falling_ball,19.997076987
196,entropy_descent,17.3618669503
196,hamiltonian_geometric,17.213197945
197,sgd,19.9994283869
197,adam,19.9515139065
197,falling_ball,19.9970631962
197,entropy_descent,17.3616661651
197,hamiltonian_geometric,17.2127641686
198,sgd,19.9994258828
198,adam,19.951191288
198,falling_ball,19.9970494124
198,entropy_descent,17.3614672697
198,hamiltonian_geometric,17.2123328139
199,sgd,19.9994233804
199,adam,19.950867946
199,falling_ball,19.9970356356
199,entropy_descent,17.3612701996
199,hamiltonian_geometric,17.2119038595
200,sgd,19.9994208795
200,adam,19.9505438792
200,falling_ball,19.9970218657
200,entropy_descent,17.3610748931
200,hamiltonian_geometric,17.2114772844
201,sgd,19.9994183804
201,adam,19.9502190937
201,falling_ball,19.9970081027
201,entropy_descent,17.3608812906
201,hamiltonian_geometric,17.2110530683
202,sgd,19.9994158828
202,adam,19.9498935921
202,falling_ball,19.9969943466
202,entropy_descent,17.360689335
202,hamiltonian_geometric,17.2106311909
203,sgd,19.9994133868
203,adam,19.9495673734
203,falling_ball,19.9969805974
203,entropy_descent,17.3604989713
203,hamiltonian_geometric,17.2102116327
204,sgd,19.9994108924
204,adam,19.9492404424
204,falling_ball,19.996966855
204,entropy_descent,17.3603101466
204,hamiltonian_geometric,17.2097943746
205,sgd,19.9994083996
205,adam,19.948912802
205,falling_ball,19.9969531194
205,entropy_descent,17.36012281
205,hamiltonian_geometric,17.2093793978
206,sgd,19.9994059084
206,adam,19.9485844521
206,falling_ball,19.9969393907
206,entropy_descent,17.3599369127
206,hamiltonian_geometric,17.208966684
207,sgd,19.9994034187
207,adam,19.9482553971
207,falling_ball,19.9969256686
207,entropy_descent,17.3597524076
207,hamiltonian_geometric,17.2085562152
208,sgd,19.9994009306
208,adam,19.9479256394
208,falling_ball,19.9969119533
208,entropy_descent,17.3595692495
208,hamiltonian_geometric,17.2081479736
209,sgd,19.999398444
209,adam,19.9475951798
209,falling_ball,19.9968982447
209,entropy_descent,17.3593873949
209,hamiltonian_geometric,17.2077419419
210,sgd,19.999395959
210,adam,19.9472640216
210,falling_ball,19.9968845428
210,entropy_descent,17.3592068019
210,hamiltonian_geometric,17.2073381028
211,sgd,19.9993934755
211,adam,19.9469321668
211,falling_ball,19.9968708476
211,entropy_descent,17.3590274303
211,hamiltonian_geometric,17.2069364391
212,sgd,19.9993909935
212,adam,19.9465996178
212,falling_ball,19.996857159
212,entropy_descent,17.3588492414
212,hamiltonian_geometric,17.2065369339
213,sgd,19.9993885131
213,adam,19.9462663764
213,falling_ball,19.9968434769
213,entropy_descent,17.358672198
213,hamiltonian_geometric,17.2061395703
214,sgd,19.9993860341
214,adam,19.9459324457
214,falling_ball,19.9968298015
214,entropy_descent,17.3584962641
214,hamiltonian_geometric,17.2057443318
215,sgd,19.9993835566
215,adam,19.9455978272
215,falling_ball,19.9968161326
215,entropy_descent,17.3583214054
215,hamiltonian_geometric,17.2053512016
216,sgd,19.9993810806
216,adam,19.9452625228
216,falling_ball,19.9968024703
216,entropy_descent,17.3581475887
216,hamiltonian_geometric,17.2049601633
217,sgd,19.9993786061
217,adam,19.9449265358
217,falling_ball,19.9967888144
217,entropy_descent,17.3579747821
217,hamiltonian_geometric,17.2045712004
218,sgd,19.9993761331
218,adam,19.9445898674
218,falling_ball,19.9967751651
218,entropy_descent,17.357802955
218,hamiltonian_geometric,17.2041842968
219,sgd,19.9993736615
219,adam,19.9442525201
219,falling_ball,19.9967615222
219,entropy_descent,17.3576320777
219,hamiltonian_geometric,17.2037994364
220,sgd,19.9993711914
220,adam,19.9439144965
220,falling_ball,19.9967478857
220,entropy_descent,17.3574621218
220,hamiltonian_geometric,17.2034166032
221,sgd,19.9993687227
221,adam,19.9435757986
221,falling_ball,19.9967342557
221,entropy_descent,17.3572930601
221,hamiltonian_geometric,17.2030357814
222,sgd,19.9993662555
222,adam,19.9432364289
222,falling_ball,19.996720632
222,entropy_descent,17.3571248662
222,hamiltonian_geometric,17.2026569556
223,sgd,19.9993637896
223,adam,19.9428963909
223,falling_ball,19.9967070147
223,entropy_descent,17.3569575148
223,hamiltonian_geometric,17.2022801103
224,sgd,19.9993613252
224,adam,19.9425556884
224,falling_ball,19.9966934038
224,entropy_descent,17.3567909816
224,hamiltonian_geometric,17.2019052302
225,sgd,19.9993588623
225,adam,19.9422143281
225,falling_ball,19.9966797991
225,entropy_descent,17.3566252429
225,hamiltonian_geometric,17.2015323005
226,sgd,19.9993564007
226,adam,19.9418723215
226,falling_ball,19.9966662008
226,entropy_descent,17.3564602764
226,hamiltonian_geometric,17.2011613063
227,sgd,19.9993539405
227,adam,19.9415296923
227,falling_ball,19.9966526087
227,entropy_descent,17.3562960602
227,hamiltonian_geometric,17.2007922329
228,sgd,19.9993514817
228,adam,19.9411864894
228,falling_ball,19.9966390229
228,entropy_descent,17.3561325735
228,hamiltonian_geometric,17.200425066
229,sgd,19.9993490243
229,adam,19.9408428264
229,falling_ball,19.9966254433
229,entropy_descent,17.3559697961
229,hamiltonian_geometric,17.2000597913
230,sgd,19.9993465682
230,adam,19.9404989621
230,falling_ball,19.9966118699
230,entropy_descent,17.3558077085
230,hamiltonian_geometric,17.1996963946
231,sgd,19.9993441136
231,adam,19.9401555189
231,falling_ball,19.9965983027
231,entropy_descent,17.3556462922
231,hamiltonian_geometric,17.199334862
232,sgd,19.9993416602
232,adam,19.9398140019
232,falling_ball,19.9965847417
232,entropy_descent,17.3554855292
232,hamiltonian_geometric,17.1989751798
233,sgd,19.9993392083
233,adam,19.9394781571
233,falling_ball,19.9965711867
233,entropy_descent,17.3553254021
233,hamiltonian_geometric,17.1986173343
234,sgd,19.9993367577
234,adam,19.9391574312
234,falling_ball,19.996557638
234,entropy_descent,17.3551658944
234,hamiltonian_geometric,17.198261312
235,sgd,19.9993343084
235,adam,19.9388761403
235,falling_ball,19.9965440953
235,entropy_descent,17.3550069898
235,hamiltonian_geometric,17.1979070994
236,sgd,19.9993318604
236,adam,19.9386979164
236,falling_ball,19.9965305586
236,entropy_descent,17.354848673
236,hamiltonian_geometric,17.1975546834
237,sgd,19.9993294138
237,adam,19.9387916708
237,falling_ball,19.9965170281
237,entropy_descent,17.3546909291
237,hamiltonian_geometric,17.1972040507
238,sgd,19.9993269684
238,adam,19.9396132969
238,falling_ball,19.9965035035
238,entropy_descent,17.3545337437
238,hamiltonian_geometric,17.1968551885
239,sgd,19.9993245244
239,adam,19.9423932924
239,falling_ball,19.996489985
239,entropy_descent,17.3543771031
239,hamiltonian_geometric,17.1965080838
240,sgd,19.9993220817
240,adam,19.9504525173
240,falling_ball,19.9964764724
240,entropy_descent,17.3542209938
240,hamiltonian_geometric,17.1961627238
241,sgd,19.9993196403
241,adam,19.972106381
241,falling_ball,19.9964629659
241,entropy_descent,17.3540654031
241,hamiltonian_geometric,17.1958190959
242,sgd,19.9993172001
242,adam,20.024947881
242,falling_ball,19.9964494652
242,entropy_descent,17.3539103186
242,hamiltonian_geometric,17.1954771876
243,sgd,19.9993147613
243,adam,20.1235839448
243,falling_ball,19.9964359705
243,entropy_descent,17.3537557285
243,hamiltonian_geometric,17.1951369865
244,sgd,19.9993123237
244,adam,20.2126821413
244,falling_ball,19.9964224817
244,entropy_descent,17.3536016211
244,hamiltonian_geometric,17.1947984804
245,sgd,19.9993098874
245,adam,20.136198068
245,falling_ball,19.9964089988
245,entropy_descent,17.3534479855
245,hamiltonian_geometric,17.194461657
246,sgd,19.9993074523
246,adam,19.9607149347
246,falling_ball,19.9963955217
246,entropy_descent,17.3532948109
246,hamiltonian_geometric,17.1941265044
247,sgd,19.9993050185
247,adam,19.9714467202
247,falling_ball,19.9963820505
247,entropy_descent,17.3531420872
247,hamiltonian_geometric,17.1937930106
248,sgd,19.9993025859
248,adam,20.0884694061
248,falling_ball,19.9963685851
248,entropy_descent,17.3529898043
248,hamiltonian_geometric,17.193461164
249,sgd,19.9993001546
249,adam,20.0347860321
249,falling_ball,19.9963551255
249,entropy_descent,17.3528379528
249,hamiltonian_geometric,17.1931309527
250,sgd,19.9992977245
250,adam,19.9347204641
250,falling_ball,19.9963416717
250,entropy_descent,17.3526865234
250,hamiltonian_geometric,17.1928023654
251,sgd,19.9992952957
251,adam,20.0005747526
251,falling_ball,19.9963282237
251,entropy_descent,17.3525355071
251,hamiltonian_geometric,17.1924753905
252,sgd,19.999292868
252,adam,20.0334071857
252,falling_ball,19.9963147813
252,entropy_descent,17.3523848956
252,hamiltonian_geometric,17.1921500167
253,sgd,19.9992904416
253,adam,19.9474286259
253,falling_ball,19.9963013448
253,entropy_descent,17.3522346804
253,hamiltonian_geometric,17.1918262329
254,sgd,19.9992880163
254,adam,19.9574387303
254,falling_ball,19.9962879139
254,entropy_descent,17.3520848536
254,hamiltonian_geometric,17.191504028
255,sgd,19.9992855923
255,adam,20.0084265961
255,falling_ball,19.9962744887
255,entropy_descent,17.3519354075
255,hamiltonian_geometric,17.1911833909
256,sgd,19.9992831694
256,adam,19.9557831306
256,falling_ball,19.9962610691
256,entropy_descent,17.3517863347
256,hamiltonian_geometric,17.1908643108
257,sgd,19.9992807478
257,adam,19.9402197256
257,falling_ball,19.9962476553
257,entropy_descent,17.351637628
257,hamiltonian_geometric,17.1905467768
258,sgd,19.9992783273
258,adam,19.9846490933
258,falling_ball,19.996234247
258,entropy_descent,17.3514892805
258,hamiltonian_geometric,17.1902307784
259,sgd,19.999275908
259,adam,19.9569574298
259,falling_ball,19.9962208443
259,entropy_descent,17.3513412854
259,hamiltonian_geometric,17.1899163049
260,sgd,19.9992734899
260,adam,19.9336803964
260,falling_ball,19.9962074473
260,entropy_descent,17.3511936365
260,hamiltonian_geometric,17.1896033459
261,sgd,19.9992710729
261,adam,19.9666393015
261,falling_ball,19.9961940558
261,entropy_descent,17.3510463273
261,hamiltonian_geometric,17.1892918909
262,sgd,19.9992686571
262,adam,19.9544801208
262,falling_ball,19.9961806698
262,entropy_descent,17.350899352
262,hamiltonian_geometric,17.1889819297
263,sgd,19.9992662424
263,adam,19.9312504856
263,falling_ball,19.9961672894
263,entropy_descent,17.3507527047
263,hamiltonian_geometric,17.1886734521
264,sgd,19.9992638289
264,adam,19.9537040728
264,falling_ball,19.9961539145
264,entropy_descent,17.3506063799
264,hamiltonian_geometric,17.1883664479
265,sgd,19.9992614165
265,adam,19.9506824417
265,falling_ball,19.996140545
265,entropy_descent,17.350460372
265,hamiltonian_geometric,17.1880609072
266,sgd,19.9992590053
266,adam,19.9304269749
266,falling_ball,19.9961271811
266,entropy_descent,17.3503146758
266,hamiltonian_geometric,17.1877568201
267,sgd,19.9992565952
267,adam,19.9444745778
267,falling_ball,19.9961138226
267,entropy_descent,17.3501692864
267,hamiltonian_geometric,17.1874541766
268,sgd,19.9992541862
268,adam,19.9466220272
268,falling_ball,19.9961004696
268,entropy_descent,17.3500241988
268,hamiltonian_geometric,17.1871529671
269,sgd,19.9992517783
269,adam,19.930247171
269,falling_ball,19.9960871219
269,entropy_descent,17.3498794083
269,hamiltonian_geometric,17.186853182
270,sgd,19.9992493715
270,adam,19.9378817814
270,falling_ball,19.9960737797
270,entropy_descent,17.3497349103
270,hamiltonian_geometric,17.1865548116
271,sgd,19.9992469658
271,adam,19.9426846484
271,falling_ball,19.9960604429
271,entropy_descent,17.3495907004
271,hamiltonian_geometric,17.1862578465
272,sgd,19.9992445612
272,adam,19.9303044412
272,falling_ball,19.9960471114
272,entropy_descent,17.3494467743
272,hamiltonian_geometric,17.1859622773
273,sgd,19.9992421577
273,adam,19.9332097403
273,falling_ball,19.9960337853
273,entropy_descent,17.349303128
273,hamiltonian_geometric,17.1856680947
274,sgd,19.9992397553
274,adam,19.9389747494
274,falling_ball,19.9960204645
274,entropy_descent,17.3491597573
274,hamiltonian_geometric,17.1853752894
275,sgd,19.999237354
275,adam,19.9303822897
275,falling_ball,19.996007149
275,entropy_descent,17.3490166585
275,hamiltonian_geometric,17.1850838525
276,sgd,19.9992349538
276,adam,19.9299863804
276,falling_ball,19.9959938388
276,entropy_descent,17.3488738278
276,hamiltonian_geometric,17.1847937747
277,sgd,19.9992325546
277,adam,19.9355212911
277,falling_ball,19.9959805339
277,entropy_descent,17.3487312616
277,hamiltonian_geometric,17.1845050471
278,sgd,19.9992301565
278,adam,19.9303190693
278,falling_ball,19.9959672342
278,entropy_descent,17.3485889563
278,hamiltonian_geometric,17.1842176608
279,sgd,19.9992277594
279,adam,19.9278866282
279,falling_ball,19.9959539398
279,entropy_descent,17.3484469087
279,hamiltonian_geometric,17.1839316071
280,sgd,19.9992253634
280,adam,19.9323608902
280,falling_ball,19.9959406506
280,entropy_descent,17.3483051153
280,hamiltonian_geometric,17.1836468771
281,sgd,19.9992229685
281,adam,19.9299812063
281,falling_ball,19.9959273666
281,entropy_descent,17.348163573
281,hamiltonian_geometric,17.1833634622
282,sgd,19.9992205746
282,adam,19.9266451741
282,falling_ball,19.9959140878
282,entropy_descent,17.3480222788
282,hamiltonian_geometric,17.1830813538
283,sgd,19.9992181817
283,adam,19.9295683299
283,falling_ball,19.9959008142
283,entropy_descent,17.3478812296
283,hamiltonian_geometric,17.1828005434
284,sgd,19.9992157899
284,adam,19.9292758921
284,falling_ball,19.9958875458
284,entropy_descent,17.3477404225
284,hamiltonian_geometric,17.1825210226
285,sgd,19.999213399
285,adam,19.9260001722
285,falling_ball,19.9958742824
285,entropy_descent,17.3475998548
285,hamiltonian_geometric,17.1822427829
286,sgd,19.9992110093
286,adam,19.927246754
286,falling_ball,19.9958610242
286,entropy_descent,17.3474595236
286,hamiltonian_geometric,17.1819658161
287,sgd,19.9992086205
287,adam,19.9281805632
287,falling_ball,19.9958477712
287,entropy_descent,17.3473194265
287,hamiltonian_geometric,17.1816901141
288,sgd,19.9992062327
288,adam,19.9256709974
288,falling_ball,19.9958345232
288,entropy_descent,17.3471795607
288,hamiltonian_geometric,17.1814156685
289,sgd,19.999203846
289,adam,19.925481995
289,falling_ball,19.9958212802
289,entropy_descent,17.3470399239
289,hamiltonian_geometric,17.1811424714
290,sgd,19.9992014602
290,adam,19.9267740897
290,falling_ball,19.9958080424
290,entropy_descent,17.3469005136
290,hamiltonian_geometric,17.1808705146
291,sgd,19.9991990755
291,adam,19.9253725376
291,falling_ball,19.9957948095
291,entropy_descent,17.3467613275
291,hamiltonian_geometric,17.1805997904
292,sgd,19.9991966917
292,adam,19.9242863997
292,falling_ball,19.9957815817
292,entropy_descent,17.3466223633
292,hamiltonian_geometric,17.1803302908
293,sgd,19.9991943089
293,adam,19.9252354341
293,falling_ball,19.9957683589
293,entropy_descent,17.3464836188
293,hamiltonian_geometric,17.1800620079
294,sgd,19.9991919271
294,adam,19.9248714032
294,falling_ball,19.9957551411
294,entropy_descent,17.3463450919
294,hamiltonian_geometric,17.1797949341
295,sgd,19.9991895463
295,adam,19.9235532134
295,falling_ball,19.9957419283
295,entropy_descent,17.3462067805
295,hamiltonian_geometric,17.1795290616
296,sgd,19.9991871665
296,adam,19.9237949918
296,falling_ball,19.9957287204
296,entropy_descent,17.3460686825
296,hamiltonian_geometric,17.1792643828
297,sgd,19.9991847876
297,adam,19.9240588402
297,falling_ball,19.9957155175
297,entropy_descent,17.345930796
297,hamiltonian_geometric,17.1790008903
298,sgd,19.9991824097
298,adam,19.9230605363
298,falling_ball,19.9957023195
298,entropy_descent,17.3457931191
298,hamiltonian_geometric,17.1787385764
299,sgd,19.9991800327
299,adam,19.9226413833
299,falling_ball,19.9956891264
299,entropy_descent,17.34565565
299,hamiltonian_geometric,17.1784774338
300,sgd,19.9991776568
300,adam,19.9229932052
300,falling_ball,19.9956759382
300,entropy_descent,17.3455183868
300,hamiltonian_geometric,17.1782174552
301,sgd,19.9991752817
301,adam,19.9225474722
301,falling_ball,19.9956627549
301,entropy_descent,17.3453813277
301,hamiltonian_geometric,17.1779586331
302,sgd,19.9991729076
302,adam,19.9218233529
302,falling_ball,19.9956495764
302,entropy_descent,17.3452444712
302,hamiltonian_geometric,17.1777009604
303,sgd,19.9991705344
303,adam,19.9218662363
303,falling_ball,19.9956364028
303,entropy_descent,17.3451078154
303,hamiltonian_geometric,17.1774444298
304,sgd,19.9991681622
304,adam,19.9218362325
304,falling_ball,19.995623234
304,entropy_descent,17.3449713588
304,hamiltonian_geometric,17.1771890343
305,sgd,19.9991657909
305,adam,19.9212186712
305,falling_ball,19.9956100701
305,entropy_descent,17.3448350999
305,hamiltonian_geometric,17.1769347667
306,sgd,19.9991634205
306,adam,19.9208819475
306,falling_ball,19.9955969109
306,entropy_descent,17.344699037
306,hamiltonian_geometric,17.1766816201
307,sgd,19.9991610511
307,adam,19.9209250278
307,falling_ball,19.9955837566
307,entropy_descent,17.3445631687
307,hamiltonian_geometric,17.1764295876
308,sgd,19.9991586826
308,adam,19.9206149706
308,falling_ball,19.995570607
308,entropy_descent,17.3444274935
308,hamiltonian_geometric,17.1761786621
309,sgd,19.9991563149
309,adam,19.9201165039
309,falling_ball,19.9955574621
309,entropy_descent,17.3442920101
309,hamiltonian_geometric,17.175928837
310,sgd,19.9991539482
310,adam,19.919965561
310,falling_ball,19.995544322
310,entropy_descent,17.3441567169
310,hamiltonian_geometric,17.1756801053
311,sgd,19.9991515824
311,adam,19.9198655116
311,falling_ball,19.9955311866
311,entropy_descent,17.3440216128
311,hamiltonian_geometric,17.1754324604
312,sgd,19.9991492175
312,adam,19.9194721696
312,falling_ball,19.995518056
312,entropy_descent,17.3438866963
312,hamiltonian_geometric,17.1751858955
313,sgd,19.9991468535
313,adam,19.9191187968
313,falling_ball,19.99550493
313,entropy_descent,17.3437519661
313,hamiltonian_geometric,17.1749404041
314,sgd,19.9991444904
314,adam,19.9189939037
314,falling_ball,19.9954918087
314,entropy_descent,17.3436174211
314,hamiltonian_geometric,17.1746959797
315,sgd,19.9991421282
315,adam,19.9187828556
315,falling_ball,19.9954786921
315,entropy_descent,17.34348306
315,hamiltonian_geometric,17.1744526155
316,sgd,19.9991397668
316,adam,19.918407886
316,falling_ball,19.9954655801
316,entropy_descent,17.3433488816
316,hamiltonian_geometric,17.1742103053
317,sgd,19.9991374063
317,adam,19.9181382875
317,falling_ball,19.9954524728
317,entropy_descent,17.3432148847
317,hamiltonian_geometric,17.1739690426
318,sgd,19.9991350468
318,adam,19.9179810598
318,falling_ball,19.9954393701
318,entropy_descent,17.3430810682
318,hamiltonian_geometric,17.1737288211
319,sgd,19.999132688
319,adam,19.9177187917
319,falling_ball,19.995426272
319,entropy_descent,17.342947431
319,hamiltonian_geometric,17.1734896343
320,sgd,19.9991303302
320,adam,19.9173839434
320,falling_ball,19.9954131785
320,entropy_descent,17.342813972
320,hamiltonian_geometric,17.1732514761
321,sgd,19.9991279732
321,adam,19.9171454083
321,falling_ball,19.9954000896
321,entropy_descent,17.3426806901
321,hamiltonian_geometric,17.1730143403
322,sgd,19.9991256171
322,adam,19.9169524027
322,falling_ball,19.9953870052
322,entropy_descent,17.3425475843
322,hamiltonian_geometric,17.1727782206
323,sgd,19.9991232618
323,adam,19.9166762071
323,falling_ball,19.9953739254
323,entropy_descent,17.3424146535
323,hamiltonian_geometric,17.172543111
324,sgd,19.9991209073
324,adam,19.916372368
324,falling_ball,19.9953608501
324,entropy_descent,17.3422818969
324,hamiltonian_geometric,17.1723090054
325,sgd,19.9991185538
325,adam,19.9161382511
325,falling_ball,19.9953477794
325,entropy_descent,17.3421493133
325,hamiltonian_geometric,17.1720758978
326,sgd,19.999116201
326,adam,19.9159209111
326,falling_ball,19.9953347131
326,entropy_descent,17.3420169019
326,hamiltonian_geometric,17.1718437821
327,sgd,19.9991138491
327,adam,19.9156461651
327,falling_ball,19.9953216513
327,entropy_descent,17.3418846617
327,hamiltonian_geometric,17.1716126526
328,sgd,19.9991114981
328,adam,19.9153604504
328,falling_ball,19.9953085941
328,entropy_descent,17.3417525918
328,hamiltonian_geometric,17.1713825032
329,sgd,19.9991091478
329,adam,19.9151211642
329,falling_ball,19.9952955413
329,entropy_descent,17.3416206913
329,hamiltonian_geometric,17.1711533282
330,sgd,19.9991067984
330,adam,19.9148896586
330,falling_ball,19.9952824929
330,entropy_descent,17.3414889593
330,hamiltonian_geometric,17.1709251218
331,sgd,19.9991044498
331,adam,19.9146204219
331,falling_ball,19.995269449
331,entropy_descent,17.341357395
331,hamiltonian_geometric,17.1706978781
332,sgd,19.9991021021
332,adam,19.9143440607
332,falling_ball,19.9952564095
332,entropy_descent,17.3412259975
332,hamiltonian_geometric,17.1704715916
333,sgd,19.9990997551
333,adam,19.9140975364
333,falling_ball,19.9952433744
333,entropy_descent,17.341094766
333,hamiltonian_geometric,17.1702462566
334,sgd,19.999097409
334,adam,19.9138576986
334,falling_ball,19.9952303437
334,entropy_descent,17.3409636996
334,hamiltonian_geometric,17.1700218673
335,sgd,19.9990950637
335,adam,19.9135938358
335,falling_ball,19.9952173174
335,entropy_descent,17.3408327977
335,hamiltonian_geometric,17.1697984184
336,sgd,19.9990927192
336,adam,19.9133223287
336,falling_ball,19.9952042954
336,entropy_descent,17.3407020593
336,hamiltonian_geometric,17.1695759042
337,sgd,19.9990903754
337,adam,19.9130690248
337,falling_ball,19.9951912778
337,entropy_descent,17.3405714838
337,hamiltonian_geometric,17.1693543192
338,sgd,19.9990880325
338,adam,19.9128233778
338,falling_ball,19.9951782646
338,entropy_descent,17.3404410703
338,hamiltonian_geometric,17.1691336581
339,sgd,19.9990856904
339,adam,19.9125635634
339,falling_ball,19.9951652557
339,entropy_descent,17.3403108182
339,hamiltonian_geometric,17.1689139153
340,sgd,19.9990833491
340,adam,19.9122951388
340,falling_ball,19.9951522511
340,entropy_descent,17.3401807267
340,hamiltonian_geometric,17.1686950856
341,sgd,19.9990810085
341,adam,19.9120362907
341,falling_ball,19.9951392508
341,entropy_descent,17.3400507951
341,hamiltonian_geometric,17.1684771636
342,sgd,19.9990786688
342,adam,19.9117855169
342,falling_ball,19.9951262547
342,entropy_descent,17.3399210227
342,hamiltonian_geometric,17.1682601441
343,sgd,19.9990763298
343,adam,19.9115280648
343,falling_ball,19.995113263
343,entropy_descent,17.3397914088
343,hamiltonian_geometric,17.1680440217
344,sgd,19.9990739916
344,adam,19.9112622628
344,falling_ball,19.9951002755
344,entropy_descent,17.3396619527
344,hamiltonian_geometric,17.1678287913
345,sgd,19.9990716541
345,adam,19.9109994966
345,falling_ball,19.9950872923
345,entropy_descent,17.3395326538
345,hamiltonian_geometric,17.1676144477
346,sgd,19.9990693175
346,adam,19.9107436515
346,falling_ball,19.9950743133
346,entropy_descent,17.3394035114
346,hamiltonian_geometric,17.1674009858
347,sgd,19.9990669816
347,adam,19.9104866092
347,falling_ball,19.9950613385
347,entropy_descent,17.3392745248
347,hamiltonian_geometric,17.1671884005
348,sgd,19.9990646464
348,adam,19.9102231855
348,falling_ball,19.995048368
348,entropy_descent,17.3391456935
348,hamiltonian_geometric,17.1669766867
349,sgd,19.9990623121
349,adam,19.9099584037
349,falling_ball,19.9950354016
349,entropy_descent,17.3390170168
349,hamiltonian_geometric,17.1667658395
350,sgd,19.9990599784
350,adam,19.9096978349
350,falling_ball,19.9950224394
350,entropy_descent,17.3388884941
350,hamiltonian_geometric,17.1665558539
351,sgd,19.9990576456
351,adam,19.9094391947
351,falling_ball,19.9950094814
351,entropy_descent,17.3387601247
351,hamiltonian_geometric,17.1663467248
352,sgd,19.9990553135
352,adam,19.9091773211
352,falling_ball,19.9949965276
352,entropy_descent,17.3386319081
352,hamiltonian_geometric,17.1661384475
353,sgd,19.9990529821
353,adam,19.9089122757
353,falling_ball,19.9949835779
353,entropy_descent,17.3385038438
353,hamiltonian_geometric,17.165931017
354,sgd,19.9990506515
354,adam,19.9086481672
354,falling_ball,19.9949706323
354,entropy_descent,17.338375931
354,hamiltonian_geometric,17.1657244286
355,sgd,19.9990483216
355,adam,19.9083864747
355,falling_ball,19.9949576908
355,entropy_descent,17.3382481693
355,hamiltonian_geometric,17.1655186773
356,sgd,19.9990459924
356,adam,19.9081245161
356,falling_ball,19.9949447535
356,entropy_descent,17.3381205581
356,hamiltonian_geometric,17.1653137585
357,sgd,19.999043664
357,adam,19.9078600321
357,falling_ball,19.9949318203
357,entropy_descent,17.3379930968
357,hamiltonian_geometric,17.1651096675
358,sgd,19.9990413363
358,adam,19.9075941934
358,falling_ball,19.9949188911
358,entropy_descent,17.3378657848
358,hamiltonian_geometric,17.1649063995
359,sgd,19.9990390094
359,adam,19.9073292964
359,falling_ball,19.994905966
359,entropy_descent,17.3377386218
359,hamiltonian_geometric,17.1647039499
360,sgd,19.9990366831
360,adam,19.9070654604
360,falling_ball,19.994893045
360,entropy_descent,17.337611607
360,hamiltonian_geometric,17.1645023141
361,sgd,19.9990343576
361,adam,19.9068009264
361,falling_ball,19.994880128
361,entropy_descent,17.33748474
361,hamiltonian_geometric,17.1643014874
362,sgd,19.9990320328
362,adam,19.9065347402
362,falling_ball,19.994867215
362,entropy_descent,17.3373580203
362,hamiltonian_geometric,17.1641014653
363,sgd,19.9990297087
363,adam,19.9062678091
363,falling_ball,19.9948543061
363,entropy_descent,17.3372314473
363,hamiltonian_geometric,17.1639022434
364,sgd,19.9990273854
364,adam,19.9060013573
364,falling_ball,19.9948414012
364,entropy_descent,17.3371050206
364,hamiltonian_geometric,17.163703817
365,sgd,19.9990250627
365,adam,19.9057353293
365,falling_ball,19.9948285002
365,entropy_descent,17.3369787396
365,hamiltonian_geometric,17.1635061818
366,sgd,19.9990227408
366,adam,19.90546873
366,falling_ball,19.9948156033
366,entropy_descent,17.3368526039
366,hamiltonian_geometric,17.1633093333
367,sgd,19.9990204195
367,adam,19.9052010323
367,falling_ball,19.9948027103
367,entropy_descent,17.336726613
367,hamiltonian_geometric,17.1631132671
368,sgd,19.9990180989
368,adam,19.9049327102
368,falling_ball,19.9947898213
368,entropy_descent,17.3366007664
368,hamiltonian_geometric,17.1629179789
369,sgd,19.9990157791
369,adam,19.904664464
369,falling_ball,19.9947769362
369,entropy_descent,17.3364750635
369,hamiltonian_geometric,17.1627234643
370,sgd,19.9990134599
370,adam,19.9043963586
370,falling_ball,19.9947640551
370,entropy_descent,17.3363495041
370,hamiltonian_geometric,17.1625297191
371,sgd,19.9990111415
371,adam,19.9041278859
371,falling_ball,19.9947511779
371,entropy_descent,17.3362240875
371,hamiltonian_geometric,17.1623367389
372,sgd,19.9990088237
372,adam,19.9038586602
372,falling_ball,19.9947383046
372,entropy_descent,17.3360988134
372,hamiltonian_geometric,17.1621445195
373,sgd,19.9990065066
373,adam,19.9035888215
373,falling_ball,19.9947254352
373,entropy_descent,17.3359736812
373,hamiltonian_geometric,17.1619530567
374,sgd,19.9990041901
374,adam,19.9033187675
374,falling_ball,19.9947125698
374,entropy_descent,17.3358486905
374,hamiltonian_geometric,17.1617623463
375,sgd,19.9990018744
375,adam,19.9030486717
375,falling_ball,19.9946997081
375,entropy_descent,17.335723841
375,hamiltonian_geometric,17.1615723842
376,sgd,19.9989995593
376,adam,19.9027783489
376,falling_ball,19.9946868504
376,entropy_descent,17.3355991321
376,hamiltonian_geometric,17.1613831663
377,sgd,19.998997245
377,adam,19.902507526
377,falling_ball,19.9946739965
377,entropy_descent,17.3354745634
377,hamiltonian_geometric,17.1611946884
378,sgd,19.9989949312
378,adam,19.9022361409
378,falling_ball,19.9946611464
378,entropy_descent,17.3353501345
378,hamiltonian_geometric,17.1610069466
379,sgd,19.9989926182
379,adam,19.9019643578
379,falling_ball,19.9946483002
379,entropy_descent,17.335225845
379,hamiltonian_geometric,17.1608199366
380,sgd,19.9989903058
380,adam,19.901692357
380,falling_ball,19.9946354578
380,entropy_descent,17.3351016944
380,hamiltonian_geometric,17.1606336547
381,sgd,19.9989879941
381,adam,19.9014201564
381,falling_ball,19.9946226192
381,entropy_descent,17.3349776823
381,hamiltonian_geometric,17.1604480967
382,sgd,19.998985683
382,adam,19.9011476316
382,falling_ball,19.9946097844
382,entropy_descent,17.3348538084
382,hamiltonian_geometric,17.1602632587
383,sgd,19.9989833726
383,adam,19.9008746635
383,falling_ball,19.9945969534
383,entropy_descent,17.3347300722
383,hamiltonian_geometric,17.1600791369
384,sgd,19.9989810629
384,adam,19.900601246
384,falling_ball,19.9945841262
384,entropy_descent,17.3346064732
384,hamiltonian_geometric,17.1598957272
385,sgd,19.9989787538
385,adam,19.9003274669
385,falling_ball,19.9945713027
385,entropy_descent,17.3344830112
385,hamiltonian_geometric,17.1597130259
386,sgd,19.9989764453
386,adam,19.9000534094
386,falling_ball,19.994558483
386,entropy_descent,17.3343596858
386,hamiltonian_geometric,17.1595310291
387,sgd,19.9989741375
387,adam,19.899779083
387,falling_ball,19.9945456671
387,entropy_descent,17.3342364964
387,hamiltonian_geometric,17.159349733
388,sgd,19.9989718304
388,adam,19.899504432
388,falling_ball,19.9945328548
388,entropy_descent,17.3341134428
388,hamiltonian_geometric,17.1591691337
389,sgd,19.9989695238
389,adam,19.8992293967
389,falling_ball,19.9945200463
389,entropy_descent,17.3339905245
389,hamiltonian_geometric,17.1589892276
390,sgd,19.998967218
390,adam,19.8989539628
390,falling_ball,19.9945072415
390,entropy_descent,17.3338677413
390,hamiltonian_geometric,17.1588100109
391,sgd,19.9989649127
391,adam,19.8986781621
391,falling_ball,19.9944944404
391,entropy_descent,17.3337450926
391,hamiltonian_geometric,17.1586314798
392,sgd,19.9989626081
392,adam,19.8984020382
392,falling_ball,19.9944816429
392,entropy_descent,17.3336225781
392,hamiltonian_geometric,17.1584536308
393,sgd,19.9989603041
393,adam,19.8981256111
393,falling_ball,19.9944688492
393,entropy_descent,17.3335001975
393,hamiltonian_geometric,17.15827646
394,sgd,19.9989580008
394,adam,19.8978488686
394,falling_ball,19.9944560591
394,entropy_descent,17.3333779504
394,hamiltonian_geometric,17.158099964
395,sgd,19.9989556981
395,adam,19.8975717833
395,falling_ball,19.9944432727
395,entropy_descent,17.3332558364
395,hamiltonian_geometric,17.1579241391
396,sgd,19.998953396
396,adam,19.8972943347
396,falling_ball,19.9944304899
396,entropy_descent,17.3331338552
396,hamiltonian_geometric,17.1577489817
397,sgd,19.9989510945
397,adam,19.8970165224
397,falling_ball,19.9944177107
397,entropy_descent,17.3330120064
397,hamiltonian_geometric,17.1575744882
398,sgd,19.9989487936
398,adam,19.8967383614
398,falling_ball,19.9944049352
398,entropy_descent,17.3328902897
398,hamiltonian_geometric,17.1574006551
399,sgd,19.9989464934
399,adam,19.8964598692
399,falling_ball,19.9943921632
399,entropy_descent,17.3327687046
399,hamiltonian_geometric,17.1572274789
400,sgd,19.9989441938
400,adam,19.8961810549
400,falling_ball,19.9943793949
400,entropy_descent,17.3326472509
400,hamiltonian_geometric,17.1570549561
401,sgd,19.9989418947
401,adam,19.8959019156
401,falling_ball,19.9943666302
401,entropy_descent,17.3325259283
401,hamiltonian_geometric,17.1568830832
402,sgd,19.9989395963
402,adam,19.8956224419
402,falling_ball,19.994353869
402,entropy_descent,17.3324047362
402,hamiltonian_geometric,17.1567118569
403,sgd,19.9989372985
403,adam,19.8953426246
403,falling_ball,19.9943411114
403,entropy_descent,17.3322836746
403,hamiltonian_geometric,17.1565412736
404,sgd,19.9989350013
404,adam,19.8950624603
404,falling_ball,19.9943283574
404,entropy_descent,17.3321627429
404,hamiltonian_geometric,17.15637133
405,sgd,19.9989327047
405,adam,19.8947819515
405,falling_ball,19.9943156069
405,entropy_descent,17.3320419409
405,hamiltonian_geometric,17.1562020227
406,sgd,19.9989304087
406,adam,19.8945011045
406,falling_ball,19.9943028599
406,entropy_descent,17.3319212682
406,hamiltonian_geometric,17.1560333484
407,sgd,19.9989281133
407,adam,19.8942199252
407,falling_ball,19.9942901165
407,entropy_descent,17.3318007245
407,hamiltonian_geometric,17.1558653036
408,sgd,19.9989258185
408,adam,19.893938417
408,falling_ball,19.9942773766
408,entropy_descent,17.3316803094
408,hamiltonian_geometric,17.1556978852
409,sgd,19.9989235243
409,adam,19.8936565798
409,falling_ball,19.9942646402
409,entropy_descent,17.3315600227
409,hamiltonian_geometric,17.1555310899
410,sgd,19.9989212307
410,adam,19.8933744114
410,falling_ball,19.9942519073
410,entropy_descent,17.3314398641
410,hamiltonian_geometric,17.1553649143
411,sgd,19.9989189377
411,adam,19.8930919091
411,falling_ball,19.9942391779
411,entropy_descent,17.3313198331
411,hamiltonian_geometric,17.1551993553
412,sgd,19.9989166452
412,adam,19.8928090711
412,falling_ball,19.9942264519
412,entropy_descent,17.3311999295
412,hamiltonian_geometric,17.1550344095
413,sgd,19.9989143533
413,adam,19.8925258972
413,falling_ball,19.9942137295
413,entropy_descent,17.331080153
413,hamiltonian_geometric,17.1548700739
414,sgd,19.9989120621
414,adam,19.8922423884
414,falling_ball,19.9942010104
414,entropy_descent,17.3309605033
414,hamiltonian_geometric,17.1547063453
415,sgd,19.9989097714
415,adam,19.8919585465
415,falling_ball,19.9941882949
415,entropy_descent,17.33084098
415,hamiltonian_geometric,17.1545432204
416,sgd,19.9989074812
416,adam,19.8916743734
416,falling_ball,19.9941755827
416,entropy_descent,17.3307215829
416,hamiltonian_geometric,17.1543806962
417,sgd,19.9989051917
417,adam,19.8913898706
417,falling_ball,19.994162874
417,entropy_descent,17.3306023116
417,hamiltonian_geometric,17.1542187695
418,sgd,19.9989029027
418,adam,19.8911050391
418,falling_ball,19.9941501687
418,entropy_descent,17.3304831658
418,hamiltonian_geometric,17.1540574373
419,sgd,19.9989006143
419,adam,19.8908198791
419,falling_ball,19.9941374668
419,entropy_descent,17.3303641453
419,hamiltonian_geometric,17.1538966965
420,sgd,19.9988983264
420,adam,19.8905343908
420,falling_ball,19.9941247683
420,entropy_descent,17.3302452496
420,hamiltonian_geometric,17.153736544
421,sgd,19.9988960392
421,adam,19.8902485742
421,falling_ball,19.9941120732
421,entropy_descent,17.3301264787
421,hamiltonian_geometric,17.1535769768
422,sgd,19.9988937525
422,adam,19.8899624292
422,falling_ball,19.9940993815
422,entropy_descent,17.330007832
422,hamiltonian_geometric,17.1534179918
423,sgd,19.9988914663
423,adam,19.889675956
423,falling_ball,19.9940866931
423,entropy_descent,17.3298893094
423,hamiltonian_geometric,17.1532595862
424,sgd,19.9988891807
424,adam,19.8893891547
424,falling_ball,19.9940740081
424,entropy_descent,17.3297709106
424,hamiltonian_geometric,17.1531017569
425,sgd,19.9988868957
425,adam,19.8891020258
425,falling_ball,19.9940613264
425,entropy_descent,17.3296526352
425,hamiltonian_geometric,17.1529445009
426,sgd,19.9988846112
426,adam,19.8888145699
426,falling_ball,19.9940486481
426,entropy_descent,17.329534483
426,hamiltonian_geometric,17.1527878154
427,sgd,19.9988823273
427,adam,19.8885267874
427,falling_ball,19.9940359731
427,entropy_descent,17.3294164537
427,hamiltonian_geometric,17.1526316973
428,sgd,19.9988800439
428,adam,19.8882386789
428,falling_ball,19.9940233014
428,entropy_descent,17.329298547
428,hamiltonian_geometric,17.1524761439
429,sgd,19.9988777611
429,adam,19.887950245
429,falling_ball,19.994010633
429,entropy_descent,17.3291807626
429,hamiltonian_geometric,17.1523211523
430,sgd,19.9988754788
430,adam,19.8876614863
430,falling_ball,19.9939979679
430,entropy_descent,17.3290631003
430,hamiltonian_geometric,17.1521667195
431,sgd,19.9988731971
431,adam,19.8873724032
431,falling_ball,19.9939853061
431,entropy_descent,17.3289455597
431,hamiltonian_geometric,17.1520128427
432,sgd,19.9988709159
432,adam,19.8870829963
432,falling_ball,19.9939726476
432,entropy_descent,17.3288281406
432,hamiltonian_geometric,17.1518595192
433,sgd,19.9988686353
433,adam,19.8867932661
433,falling_ball,19.9939599924
433,entropy_descent,17.3287108427
433,hamiltonian_geometric,17.1517067461
434,sgd,19.9988663552
434,adam,19.8865032132
434,falling_ball,19.9939473404
434,entropy_descent,17.3285936658
434,hamiltonian_geometric,17.1515545206
435,sgd,19.9988640756
435,adam,19.8862128382
435,falling_ball,19.9939346917
435,entropy_descent,17.3284766095
435,hamiltonian_geometric,17.15140284
436,sgd,19.9988617966
436,adam,19.8859221418
436,falling_ball,19.9939220462
436,entropy_descent,17.3283596736
436,hamiltonian_geometric,17.1512517014
437,sgd,19.9988595181
437,adam,19.8856311247
437,falling_ball,19.9939094039
437,entropy_descent,17.3282428578
437,hamiltonian_geometric,17.1511011023
438,sgd,19.9988572401
438,adam,19.8853397881
438,falling_ball,19.9938967649
438,entropy_descent,17.3281261619
438,hamiltonian_geometric,17.1509510398
439,sgd,19.9988549627
439,adam,19.8850481332
439,falling_ball,19.9938841291
439,entropy_descent,17.3280095856
439,hamiltonian_geometric,17.1508015113
440,sgd,19.9988526857
440,adam,19.8847561622
440,falling_ball,19.9938714965
440,entropy_descent,17.3278931286
440,hamiltonian_geometric,17.150652514
441,sgd,19.9988504094
441,adam,19.8844638779
441,falling_ball,19.9938588671
441,entropy_descent,17.3277767907
441,hamiltonian_geometric,17.1505040454
442,sgd,19.9988481335
442,adam,19.8841712851
442,falling_ball,19.9938462408
442,entropy_descent,17.3276605715
442,hamiltonian_geometric,17.1503561028
443,sgd,19.9988458582
443,adam,19.8838783913
443,falling_ball,19.9938336178
443,entropy_descent,17.3275444709
443,hamiltonian_geometric,17.1502086835
444,sgd,19.9988435834
444,adam,19.8835852094
444,falling_ball,19.9938209979
444,entropy_descent,17.3274284886
444,hamiltonian_geometric,17.1500617849
445,sgd,19.9988413091
445,adam,19.883291761
445,falling_ball,19.9938083812
445,entropy_descent,17.3273126244
445,hamiltonian_geometric,17.1499154044
446,sgd,19.9988390353
446,adam,19.882998085
446,falling_ball,19.9937957676
446,entropy_descent,17.3271968779
446,hamiltonian_geometric,17.1497695395
447,sgd,19.998836762
447,adam,19.8827042495
447,falling_ball,19.9937831572
447,entropy_descent,17.3270812489
447,hamiltonian_geometric,17.1496241876
448,sgd,19.9988344893
448,adam,19.8824103792
448,falling_ball,19.9937705499
448,entropy_descent,17.3269657372
448,hamiltonian_geometric,17.1494793461
449,sgd,19.998832217
449,adam,19.8821167021
449,falling_ball,19.9937579457
449,entropy_descent,17.3268503425
449,hamiltonian_geometric,17.1493350125
450,sgd,19.9988299453
450,adam,19.8818236468
450,falling_ball,19.9937453447
450,entropy_descent,17.3267350646
450,hamiltonian_geometric,17.1491911843
451,sgd,19.9988276741
451,adam,19.8815320218
451,falling_ball,19.9937327467
451,entropy_descent,17.3266199031
451,hamiltonian_geometric,17.1490478591
452,sgd,19.9988254034
452,adam,19.8812433843
452,falling_ball,19.9937201519
452,entropy_descent,17.326504858
452,hamiltonian_geometric,17.1489050342
453,sgd,19.9988231332
453,adam,19.8809607598
453,falling_ball,19.9937075601
453,entropy_descent,17.3263899289
453,hamiltonian_geometric,17.1487627072
454,sgd,19.9988208634
454,adam,19.8806901234
454,falling_ball,19.9936949714
454,entropy_descent,17.3262751155
454,hamiltonian_geometric,17.1486208757
455,sgd,19.9988185942
455,adam,19.8804434032
455,falling_ball,19.9936823858
455,entropy_descent,17.3261604177
455,hamiltonian_geometric,17.1484795373
456,sgd,19.9988163255
456,adam,19.8802447383
456,falling_ball,19.9936698032
456,entropy_descent,17.3260458352
456,hamiltonian_geometric,17.1483386895
457,sgd,19.9988140573
457,adam,19.8801435501
457,falling_ball,19.9936572238
457,entropy_descent,17.3259313677
457,hamiltonian_geometric,17.1481983299
458,sgd,19.9988117896
458,adam,19.8802421517
458,falling_ball,19.9936446473
458,entropy_descent,17.325817015
458,hamiltonian_geometric,17.1480584561
459,sgd,19.9988095224
459,adam,19.8807546092
459,falling_ball,19.9936320739
459,entropy_descent,17.3257027769
459,hamiltonian_geometric,17.1479190658
460,sgd,19.9988072557
460,adam,19.8821315401
460,falling_ball,19.9936195035
460,entropy_descent,17.3255886532
460,hamiltonian_geometric,17.1477801565
461,sgd,19.9988049894
461,adam,19.885325442
461,falling_ball,19.9936069361
461,entropy_descent,17.3254746435
461,hamiltonian_geometric,17.147641726
462,sgd,19.9988027237
462,adam,19.892327127
462,falling_ball,19.9935943718
462,entropy_descent,17.3253607478
462,hamiltonian_geometric,17.1475037718
463,sgd,19.9988004584
463,adam,19.9071853494
463,falling_ball,19.9935818104
463,entropy_descent,17.3252469656
463,hamiltonian_geometric,17.1473662918
464,sgd,19.9987981936
464,adam,19.9374135399
464,falling_ball,19.9935692521
464,entropy_descent,17.3251332969
464,hamiltonian_geometric,17.1472292834
465,sgd,19.9987959293
465,adam,19.9941537989
465,falling_ball,19.9935566967
465,entropy_descent,17.3250197413
465,hamiltonian_geometric,17.1470927446
466,sgd,19.9987936655
466,adam,20.0827618446
466,falling_ball,19.9935441443
466,entropy_descent,17.3249062986
466,hamiltonian_geometric,17.146956673
467,sgd,19.9987914022
467,adam,20.1715313818
467,falling_ball,19.9935315949
467,entropy_descent,17.3247929687
467,hamiltonian_geometric,17.1468210663
468,sgd,19.9987891394
468,adam,20.1664060949
468,falling_ball,19.9935190484
468,entropy_descent,17.3246797512
468,hamiltonian_geometric,17.1466859223
469,sgd,19.998786877
469,adam,20.0212825425
469,falling_ball,19.9935065049
469,entropy_descent,17.324566646
469,hamiltonian_geometric,17.1465512387
470,sgd,19.9987846151
470,adam,19.8855519675
470,falling_ball,19.9934939643
470,entropy_descent,17.3244536528
470,hamiltonian_geometric,17.1464170133
471,sgd,19.9987823537
471,adam,19.9145642572
471,falling_ball,19.9934814267
471,entropy_descent,17.3243407715
471,hamiltonian_geometric,17.146283244
472,sgd,19.9987800927
472,adam,20.020131815
472,falling_ball,19.993468892
472,entropy_descent,17.3242280017
472,hamiltonian_geometric,17.1461499285
473,sgd,19.9987778323
473,adam,20.0158078938
473,falling_ball,19.9934563602
473,entropy_descent,17.3241153432
473,hamiltonian_geometric,17.1460170646
474,sgd,19.9987755722
474,adam,19.9096787884
474,falling_ball,19.9934438313
474,entropy_descent,17.3240027959
474,hamiltonian_geometric,17.1458846502
475,sgd,19.9987733127
475,adam,19.8812012641
475,falling_ball,19.9934313054
475,entropy_descent,17.3238903595
475,hamiltonian_geometric,17.1457526831
476,sgd,19.9987710536
476,adam,19.9518050783
476,falling_ball,19.9934187823
476,entropy_descent,17.3237780338
476,hamiltonian_geometric,17.1456211611
477,sgd,19.998768795
477,adam,19.9683030516
477,falling_ball,19.9934062621
477,entropy_descent,17.3236658186
477,hamiltonian_geometric,17.1454900822
478,sgd,19.9987665369
478,adam,19.8999618866
478,falling_ball,19.9933937448
478,entropy_descent,17.3235537136
478,hamiltonian_geometric,17.1453594443
479,sgd,19.9987642792
479,adam,19.8777298643
479,falling_ball,19.9933812304
479,entropy_descent,17.3234417187
479,hamiltonian_geometric,17.1452292451
480,sgd,19.998762022
480,adam,19.9255041483
480,falling_ball,19.9933687188
480,entropy_descent,17.3233298336
480,hamiltonian_geometric,17.1450994827
481,sgd,19.9987597652
481,adam,19.9326550538
481,falling_ball,19.9933562101
481,entropy_descent,17.3232180581
481,hamiltonian_geometric,17.1449701549
482,sgd,19.9987575089
482,adam,19.8857820077
482,falling_ball,19.9933437042
482,entropy_descent,17.323106392
482,hamiltonian_geometric,17.1448412597
483,sgd,19.9987552531
483,adam,19.8782107845
483,falling_ball,19.9933312012
483,entropy_descent,17.3229948351
483,hamiltonian_geometric,17.144712795
484,sgd,19.9987529977
484,adam,19.9112163087
484,falling_ball,19.993318701
484,entropy_descent,17.3228833872
484,hamiltonian_geometric,17.1445847588
485,sgd,19.9987507428
485,adam,19.9078253018
485,falling_ball,19.9933062036
485,entropy_descent,17.322772048
485,hamiltonian_geometric,17.144457149
486,sgd,19.9987484883
486,adam,19.8764345839
486,falling_ball,19.993293709
486,entropy_descent,17.3226608174
486,hamiltonian_geometric,17.1443299637
487,sgd,19.9987462342
487,adam,19.879193462
487,falling_ball,19.9932812173
487,entropy_descent,17.3225496951
487,hamiltonian_geometric,17.1442032008
488,sgd,19.9987439807
488,adam,19.9001982507
488,falling_ball,19.9932687283
488,entropy_descent,17.3224386809
488,hamiltonian_geometric,17.1440768583
489,sgd,19.9987417275
489,adam,19.8910791285
489,falling_ball,19.9932562422
489,entropy_descent,17.3223277747
489,hamiltonian_geometric,17.1439509343
490,sgd,19.9987394748
490,adam,19.8719582379
490,falling_ball,19.9932437588
490,entropy_descent,17.3222169762
490,hamiltonian_geometric,17.1438254268
491,sgd,19.9987372226
491,adam,19.8791978141
491,falling_ball,19.9932312782
491,entropy_descent,17.3221062852
491,hamiltonian_geometric,17.1437003338
492,sgd,19.9987349708
492,adam,19.8907791361
492,falling_ball,19.9932188004
492,entropy_descent,17.3219957015
492,hamiltonian_geometric,17.1435756534
493,sgd,19.9987327194
493,adam,19.8805372396
493,falling_ball,19.9932063253
493,entropy_descent,17.3218852249
493,hamiltonian_geometric,17.1434513836
494,sgd,19.9987304685
494,adam,19.8702466873
494,falling_ball,19.993193853
494,entropy_descent,17.3217748553
494,hamiltonian_geometric,17.1433275225
495,sgd,19.998728218
495,adam,19.8778776413
495,falling_ball,19.9931813834
495,entropy_descent,17.3216645923
495,hamiltonian_geometric,17.1432040683
496,sgd,19.998725968
496,adam,19.8831320467
496,falling_ball,19.9931689166
496,entropy_descent,17.3215544358
496,hamiltonian_geometric,17.1430810189
497,sgd,19.9987237184
497,adam,19.8743383657
497,falling_ball,19.9931564525
497,entropy_descent,17.3214443856
497,hamiltonian_geometric,17.1429583725
498,sgd,19.9987214692
498,adam,19.8695094384
498,falling_ball,19.9931439912
498,entropy_descent,17.3213344416
498,hamiltonian_geometric,17.1428361273
499,sgd,19.9987192205
499,adam,19.8756731539
499,falling_ball,19.9931315325
499,entropy_descent,17.3212246034
499,hamiltonian_geometric,17.1427142813
500,sgd,19.9987169722
500,adam,19.8773723251
500,falling_ball,19.9931190766
500,entropy_descent,17.3211148709
500,hamiltonian_geometric,17.1425928328
501,sgd,19.9987147243
501,adam,19.8707917342
501,falling_ball,19.9931066233
501,entropy_descent,17.3210052439
501,hamiltonian_geometric,17.1424717798
502,sgd,19.9987124769
502,adam,19.8688376658
502,falling_ball,19.9930941728
502,entropy_descent,17.3208957223
502,hamiltonian_geometric,17.1423511205
503,sgd,19.9987102299
503,adam,19.8731829794
503,falling_ball,19.9930817249
503,entropy_descent,17.3207863057
503,hamiltonian_geometric,17.1422308531
504,sgd,19.9987079833
504,adam,19.873249255
504,falling_ball,19.9930692798
504,entropy_descent,17.3206769941
504,hamiltonian_geometric,17.1421109758
505,sgd,19.9987057371
505,adam,19.8686603425
505,falling_ball,19.9930568372
505,entropy_descent,17.3205677872
505,hamiltonian_geometric,17.1419914868
506,sgd,19.9987034914
506,adam,19.8679703618
506,falling_ball,19.9930443974
506,entropy_descent,17.3204586848
506,hamiltonian_geometric,17.1418723842
507,sgd,19.9987012461
507,adam,19.8708122405
507,falling_ball,19.9930319602
507,entropy_descent,17.3203496868
507,hamiltonian_geometric,17.1417536664
508,sgd,19.9986990012
508,adam,19.870322515
508,falling_ball,19.9930195257
508,entropy_descent,17.3202407929
508,hamiltonian_geometric,17.1416353315
509,sgd,19.9986967567
509,adam,19.8672022715
509,falling_ball,19.9930070938
509,entropy_descent,17.3201320029
509,hamiltonian_geometric,17.1415173777
510,sgd,19.9986945127
510,adam,19.866936033
510,falling_ball,19.9929946646
510,entropy_descent,17.3200233167
510,hamiltonian_geometric,17.1413998034
511,sgd,19.998692269
511,adam,19.8687220562
511,falling_ball,19.9929822379
511,entropy_descent,17.3199147341
511,hamiltonian_geometric,17.1412826067
512,sgd,19.9986900258
512,adam,19.8681749367
512,falling_ball,19.9929698139
512,entropy_descent,17.3198062549
512,hamiltonian_geometric,17.141165786
513,sgd,19.998687783
513,adam,19.8660392771
513,falling_ball,19.9929573926
513,entropy_descent,17.3196978789
513,hamiltonian_geometric,17.1410493395
514,sgd,19.9986855407
514,adam,19.8658276404
514,falling_ball,19.9929449738
514,entropy_descent,17.3195896059
514,hamiltonian_geometric,17.1409332655
515,sgd,19.9986832987
515,adam,19.8669218595
515,falling_ball,19.9929325576
515,entropy_descent,17.3194814357
515,hamiltonian_geometric,17.1408175622
516,sgd,19.9986810571
516,adam,19.8664954145
516,falling_ball,19.992920144
516,entropy_descent,17.3193733681
516,hamiltonian_geometric,17.1407022281
517,sgd,19.998678816
517,adam,19.8650006451
517,falling_ball,19.992907733
517,entropy_descent,17.319265403
517,hamiltonian_geometric,17.1405872614
518,sgd,19.9986765753
518,adam,19.8647165904
518,falling_ball,19.9928953246
518,entropy_descent,17.3191575402
518,hamiltonian_geometric,17.1404726605
519,sgd,19.9986743349
519,adam,19.8653583455
519,falling_ball,19.9928829188
519,entropy_descent,17.3190497794
519,hamiltonian_geometric,17.1403584236
520,sgd,19.998672095
520,adam,19.8650825057
520,falling_ball,19.9928705155
520,entropy_descent,17.3189421206
520,hamiltonian_geometric,17.1402445491
521,sgd,19.9986698555
521,adam,19.8640142368
521,falling_ball,19.9928581148
521,entropy_descent,17.3188345634
521,hamiltonian_geometric,17.1401310355
522,sgd,19.9986676164
522,adam,19.8636396341
522,falling_ball,19.9928457166
522,entropy_descent,17.3187271078
522,hamiltonian_geometric,17.140017881
523,sgd,19.9986653777
523,adam,19.8639704009
523,falling_ball,19.992833321
523,entropy_descent,17.3186197536
523,hamiltonian_geometric,17.139905084
524,sgd,19.9986631394
524,adam,19.863815076
524,falling_ball,19.9928209279
524,entropy_descent,17.3185125005
524,hamiltonian_geometric,17.1397926429
525,sgd,19.9986609015
525,adam,19.8630474468
525,falling_ball,19.9928085374
525,entropy_descent,17.3184053484
525,hamiltonian_geometric,17.1396805561
526,sgd,19.998658664
526,adam,19.8626083503
526,falling_ball,19.9927961493
526,entropy_descent,17.3182982971
526,hamiltonian_geometric,17.1395688219
527,sgd,19.9986564269
527,adam,19.8627097626
527,falling_ball,19.9927837638
527,entropy_descent,17.3181913464
527,hamiltonian_geometric,17.1394574389
528,sgd,19.9986541903
528,adam,19.86262481
528,falling_ball,19.9927713808
528,entropy_descent,17.3180844963
528,hamiltonian_geometric,17.1393464054
529,sgd,19.998651954
529,adam,19.8620811098
529,falling_ball,19.9927590004
529,entropy_descent,17.3179777463
529,hamiltonian_geometric,17.1392357199
530,sgd,19.9986497181
530,adam,19.8616193558
530,falling_ball,19.9927466224
530,entropy_descent,17.3178710965
530,hamiltonian_geometric,17.1391253807
531,sgd,19.9986474825
531,adam,19.8615447287
531,falling_ball,19.9927342469
531,entropy_descent,17.3177645466
531,hamiltonian_geometric,17.1390153864
532,sgd,19.9986452474
532,adam,19.8614768248
532,falling_ball,19.9927218739
532,entropy_descent,17.3176580965
532,hamiltonian_geometric,17.1389057353
533,sgd,19.9986430127
533,adam,19.8611009962
533,falling_ball,19.9927095033
533,entropy_descent,17.3175517459
533,hamiltonian_geometric,17.138796426
534,sgd,19.9986407784
534,adam,19.8606600093
534,falling_ball,19.9926971352
534,entropy_descent,17.3174454948
534,hamiltonian_geometric,17.1386874569
535,sgd,19.9986385444
535,adam,19.8604554276
535,falling_ball,19.9926847696
535,entropy_descent,17.3173393428
535,hamiltonian_geometric,17.1385788264
536,sgd,19.9986363109
536,adam,19.8603582781
536,falling_ball,19.9926724065
536,entropy_descent,17.31723329
536,hamiltonian_geometric,17.1384705332
537,sgd,19.9986340777
537,adam,19.8600977452
537,falling_ball,19.9926600458
537,entropy_descent,17.3171273359
537,hamiltonian_geometric,17.1383625756
538,sgd,19.998631845
538,adam,19.859711781
538,falling_ball,19.9926476876
538,entropy_descent,17.3170214807
538,hamiltonian_geometric,17.1382549522
539,sgd,19.9986296126
539,adam,19.8594263103
539,falling_ball,19.9926353318
539,entropy_descent,17.3169157239
539,hamiltonian_geometric,17.1381476616
540,sgd,19.9986273806
540,adam,19.8592700432
540,falling_ball,19.9926229784
540,entropy_descent,17.3168100655
540,hamiltonian_geometric,17.1380407021
541,sgd,19.998625149
541,adam,19.8590701796
541,falling_ball,19.9926106274
541,entropy_descent,17.3167045053
541,hamiltonian_geometric,17.1379340723
542,sgd,19.9986229177
542,adam,19.8587543974
542,falling_ball,19.9925982789
542,entropy_descent,17.3165990431
542,hamiltonian_geometric,17.1378277709
543,sgd,19.9986206869
543,adam,19.8584391771
543,falling_ball,19.9925859328
543,entropy_descent,17.3164936788
543,hamiltonian_geometric,17.1377217962
544,sgd,19.9986184564
544,adam,19.8582180455
544,falling_ball,19.9925735891
544,entropy_descent,17.3163884122
544,hamiltonian_geometric,17.1376161469
545,sgd,19.9986162263
545,adam,19.8580277498
545,falling_ball,19.9925612478
545,entropy_descent,17.3162832431
545,hamiltonian_geometric,17.1375108216
546,sgd,19.9986139966
546,adam,19.8577726453
546,falling_ball,19.9925489088
546,entropy_descent,17.3161781713
546,hamiltonian_geometric,17.1374058188
547,sgd,19.9986117673
547,adam,19.8574703812
547,falling_ball,19.9925365723
547,entropy_descent,17.3160731968
547,hamiltonian_geometric,17.137301137
548,sgd,19.9986095383
548,adam,19.8572034671
548,falling_ball,19.9925242382
548,entropy_descent,17.3159683192
548,hamiltonian_geometric,17.137196775
549,sgd,19.9986073098
549,adam,19.8569879105
549,falling_ball,19.9925119064
549,entropy_descent,17.3158635385
549,hamiltonian_geometric,17.1370927311
550,sgd,19.9986050816
550,adam,19.8567638987
550,falling_ball,19.992499577
550,entropy_descent,17.3157588545
550,hamiltonian_geometric,17.1369890042
551,sgd,19.9986028537
551,adam,19.8564953637
551,falling_ball,19.9924872499
551,entropy_descent,17.315654267
551,hamiltonian_geometric,17.1368855927
552,sgd,19.9986006263
552,adam,19.8562155017
552,falling_ball,19.9924749252
552,entropy_descent,17.3155497759
552,hamiltonian_geometric,17.1367824953
553,sgd,19.9985983992
553,adam,19.8559667022
553,falling_ball,19.9924626029
553,entropy_descent,17.315445381
553,hamiltonian_geometric,17.1366797106
554,sgd,19.9985961725
554,adam,19.8557404457
554,falling_ball,19.9924502829
554,entropy_descent,17.3153410821
554,hamiltonian_geometric,17.1365772372
555,sgd,19.9985939461
555,adam,19.8554992337
555,falling_ball,19.9924379653
555,entropy_descent,17.3152368791
555,hamiltonian_geometric,17.1364750738
556,sgd,19.9985917202
556,adam,19.8552330346
556,falling_ball,19.9924256499
556,entropy_descent,17.3151327717
556,hamiltonian_geometric,17.136373219
557,sgd,19.9985894946
557,adam,19.8549670806
557,falling_ball,19.9924133369
557,entropy_descent,17.31502876
557,hamiltonian_geometric,17.1362716715
558,sgd,19.9985872693
558,adam,19.8547212136
558,falling_ball,19.9924010262
558,entropy_descent,17.3149248436
558,hamiltonian_geometric,17.1361704299
559,sgd,19.9985850445
559,adam,19.8544849239
559,falling_ball,19.9923887179
559,entropy_descent,17.3148210224
559,hamiltonian_geometric,17.1360694929
560,sgd,19.99858282
560,adam,19.8542372107
560,falling_ball,19.9923764118
560,entropy_descent,17.3147172963
560,hamiltonian_geometric,17.1359688592
561,sgd,19.9985805958
561,adam,19.8539757679
561,falling_ball,19.9923641081
561,entropy_descent,17.3146136651
561,hamiltonian_geometric,17.1358685274
562,sgd,19.998578372
562,adam,19.8537160883
562,falling_ball,19.9923518066
562,entropy_descent,17.3145101287
562,hamiltonian_geometric,17.1357684962
563,sgd,19.9985761486
563,adam,19.8534682075
563,falling_ball,19.9923395074
563,entropy_descent,17.3144066868
563,hamiltonian_geometric,17.1356687644
564,sgd,19.9985739256
564,adam,19.8532252567
564,falling_ball,19.9923272105
564,entropy_descent,17.3143033394
564,hamiltonian_geometric,17.1355693307
565,sgd,19.9985717029
565,adam,19.852975442
565,falling_ball,19.9923149159
565,entropy_descent,17.3142000863
565,hamiltonian_geometric,17.1354701936
566,sgd,19.9985694805
566,adam,19.8527175235
566,falling_ball,19.9923026236
566,entropy_descent,17.3140969272
566,hamiltonian_geometric,17.1353713521
567,sgd,19.9985672586
567,adam,19.8524601398
567,falling_ball,19.9922903335
567,entropy_descent,17.3139938622
567,hamiltonian_geometric,17.1352728047
568,sgd,19.998565037
568,adam,19.8522093695
568,falling_ball,19.9922780457
568,entropy_descent,17.3138908909
568,hamiltonian_geometric,17.1351745502
569,sgd,19.9985628157
569,adam,19.8519620225
569,falling_ball,19.9922657601
569,entropy_descent,17.3137880133
569,hamiltonian_geometric,17.1350765874
570,sgd,19.9985605948
570,adam,19.8517113084
570,falling_ball,19.9922534768
570,entropy_descent,17.3136852291
570,hamiltonian_geometric,17.134978915
571,sgd,19.9985583742
571,adam,19.8514554914
571,falling_ball,19.9922411957
571,entropy_descent,17.3135825383
571,hamiltonian_geometric,17.1348815317
572,sgd,19.9985561541
572,adam,19.8511988386
572,falling_ball,19.9922289169
572,entropy_descent,17.3134799407
572,hamiltonian_geometric,17.1347844363
573,sgd,19.9985539342
573,adam,19.8509455007
573,falling_ball,19.9922166403
573,entropy_descent,17.3133774361
573,hamiltonian_geometric,17.1346876275
574,sgd,19.9985517147
574,adam,19.8506948528
574,falling_ball,19.9922043659
574,entropy_descent,17.3132750244
574,hamiltonian_geometric,17.1345911042
575,sgd,19.9985494956
575,adam,19.8504431828
575,falling_ball,19.9921920937
575,entropy_descent,17.3131727054
575,hamiltonian_geometric,17.1344948651
576,sgd,19.9985472768
576,adam,19.8501884268
576,falling_ball,19.9921798237
576,entropy_descent,17.313070479
576,hamiltonian_geometric,17.134398909
577,sgd,19.9985450584
577,adam,19.8499320722
577,falling_ball,19.992167556
577,entropy_descent,17.312968345
577,hamiltonian_geometric,17.1343032347
578,sgd,19.9985428403
578,adam,19.8496768085
578,falling_ball,19.9921552905
578,entropy_descent,17.3128663032
578,hamiltonian_geometric,17.134207841
579,sgd,19.9985406226
579,adam,19.8494234101
579,falling_ball,19.9921430271
579,entropy_descent,17.3127643536
579,hamiltonian_geometric,17.1341127266
580,sgd,19.9985384052
580,adam,19.849170322
580,falling_ball,19.9921307659
580,entropy_descent,17.312662496
580,hamiltonian_geometric,17.1340178904
581,sgd,19.9985361881
581,adam,19.8489157642
581,falling_ball,19.992118507
581,entropy_descent,17.3125607301
581,hamiltonian_geometric,17.1339233312
582,sgd,19.9985339714
582,adam,19.8486596062
582,falling_ball,19.9921062502
582,entropy_descent,17.312459056
582,hamiltonian_geometric,17.1338290478
583,sgd,19.9985317551
583,adam,19.8484031489
583,falling_ball,19.9920939956
583,entropy_descent,17.3123574733
583,hamiltonian_geometric,17.133735039
584,sgd,19.9985295391
584,adam,19.848147519
584,falling_ball,19.9920817431
584,entropy_descent,17.312255982
584,hamiltonian_geometric,17.1336413038
585,sgd,19.9985273234
585,adam,19.8478925916
585,falling_ball,19.9920694928
585,entropy_descent,17.3121545819
585,hamiltonian_geometric,17.1335478408
586,sgd,19.9985251081
586,adam,19.8476373764
586,falling_ball,19.9920572447
586,entropy_descent,17.312053273
586,hamiltonian_geometric,17.133454649
587,sgd,19.9985228931
587,adam,19.8473811552
587,falling_ball,19.9920449987
587,entropy_descent,17.3119520549
587,hamiltonian_geometric,17.1333617272
588,sgd,19.9985206785
588,adam,19.8471241043
588,falling_ball,19.9920327549
588,entropy_descent,17.3118509276
588,hamiltonian_geometric,17.1332690743
589,sgd,19.9985184642
589,adam,19.8468669388
589,falling_ball,19.9920205132
589,entropy_descent,17.3117498909
589,hamiltonian_geometric,17.1331766891
590,sgd,19.9985162502
590,adam,19.8466101354
590,falling_ball,19.9920082736
590,entropy_descent,17.3116489447
590,hamiltonian_geometric,17.1330845705
591,sgd,19.9985140366
591,adam,19.8463535496
591,falling_ball,19.9919960362
591,entropy_descent,17.3115480889
591,hamiltonian_geometric,17.1329927174
592,sgd,19.9985118233
592,adam,19.8460966785
592,falling_ball,19.9919838009
592,entropy_descent,17.3114473232
592,hamiltonian_geometric,17.1329011286
593,sgd,19.9985096104
593,adam,19.8458391823
593,falling_ball,19.9919715677
593,entropy_descent,17.3113466476
593,hamiltonian_geometric,17.1328098031
594,sgd,19.9985073978
594,adam,19.8455811457
594,falling_ball,19.9919593366
594,entropy_descent,17.3112460619
594,hamiltonian_geometric,17.1327187396
595,sgd,19.9985051855
595,adam,19.8453229123
595,falling_ball,19.9919471076
595,entropy_descent,17.311145566
595,hamiltonian_geometric,17.1326279373
596,sgd,19.9985029735
596,adam,19.8450647385
596,falling_ball,19.9919348807
596,entropy_descent,17.3110451596
596,hamiltonian_geometric,17.1325373948
597,sgd,19.9985007619
597,adam,19.8448065986
597,falling_ball,19.991922656
597,entropy_descent,17.3109448428
597,hamiltonian_geometric,17.1324471112
598,sgd,19.9984985507
598,adam,19.8445482672
598,falling_ball,19.9919104333
598,entropy_descent,17.3108446152
598,hamiltonian_geometric,17.1323570853
599,sgd,19.9984963397
599,adam,19.8442895447
599,falling_ball,19.9918982127
599,entropy_descent,17.3107444769
599,hamiltonian_geometric,17.1322673161
600,sgd,19.9984941291
600,adam,19.8440304096
600,falling_ball,19.9918859942
600,entropy_descent,17.3106444276
600,hamiltonian_geometric,17.1321778025
